"","clean_ID","ID_SiteDate","Pathogen_MSX","status_msx","intensity_msx","Cq_Mean_MSX","SQ_Mean_MSX"
"1","A4_CviMVP_PlDNA_9_SG_1228_f84802b3","TP_TX_2022-6-28","MSX","Positive",0,38.04,0
"2","A5_CviMVP_PlDNA_9_SG_2051_8fd6c592","EC_ApBay_FL_2023-10-4","MSX","Positive",0,31.79,0
"3","A6_CviMVP_PlDNA_9_SG_2061_4151017c","EC_ApBay_FL_2023-10-4","MSX","Positive",0,32.55,0
"4","B3_CviMVP_PlDNA_9_SG_2073_c2b8621b","FC_LIS_CT_2023-10-11","MSX","Negative",0,0,0
"5","B4_CviMVP_PlDNA_9_SG.sharedLotterhosPuritz_1770_5603bc09","DWS_CB_VA_2022-10-7","MSX","Negative",0,0,0
"6","B5_CviMVP_PlDNA_9_SG_1315_bbdc8fb5","Mer_GA_2022-7-26","MSX","Positive",0,27.71,0
"7","B6_CviMVP_PlDNA_9_SG_1975_b2a7e292","FFJ_CF_NC_2023-7-19","MSX","Positive",0,29.6,0
"8","B7_CviMVP_PlDNA_9_SG_1941_5582645b","UNCW_MS_NC_2023-7-17","MSX","Positive",2,23.7,1e-05
"9","C3_CviMVP_PlDNA_9_SG_2065_727d1736","IL_ApBay_FL_2023-10-3","MSX","Negative",0,0,0
"10","C4_CviMVP_PlDNA_9_SG_1149_75628f53","FP_Sav_GA_2022-6-10","MSX","Positive",2,23.89,1e-05
"11","C5_CviMVP_PlDNA_9_SG_1323_be0b8284","Mer_GA_2022-7-26","MSX","Positive",0,29.95,0
"12","C6_CviMVP_PlDNA_9_SG_2012_f47e7f81","AC_LIS_CT_2023-10-3","MSX","Positive",0,30.44,0
"13","D4_CviMVP_PlDNA_9_SG_2005_7864d4b8","AC_LIS_CT_2023-10-3","MSX","Negative",0,0,0
"14","D6_CviMVP_PlDNA_9_SG_1174_ee66e4d4","SkR_GA_2022-6-14","MSX","Positive",0,32.64,0
"15","E4_CviMVP_PlDNA_9_SG_1595_bc82001d","KP_FGR_FL_2022-8-23","MSX","Positive",0,31.88,0
"16","F3_CviMVP_PlDNA_9_SG_2099_8f119d72","FC_LIS_CT_2023-10-11","MSX","Negative",0,0,0
"17","F4_CviMVP_PlDNA_9_SG_2086_90eb25bf","FC_LIS_CT_2023-10-11","MSX","Negative",0,0,0
"18","F5_CviMVP_PlDNA_9_SG.sharedLotterhosPuritz_1507_bc4a0c29","NR_NB_RI_2022-8-19","MSX","Negative",0,0,0
"19","G6_CviMVP_PlDNA_9_SG_1632_a51500b0","SaltBay_Canada_2022-9-27","MSX","Negative",0,0,0
"20","H3_CviMVP_PlDNA_9_SG_1933_203e3d9f","UNCW_MS_NC_2023-7-17","MSX","Positive",0,35.41,0
"21","H6_CviMVP_PlDNA_9_SG_1997_cb99d215","AC_LIS_CT_2023-10-3","MSX","Positive",0,38.18,0
"22","A3_CviMVP_PlDNA_10_SG_2036_b141fc51","EC_ApBay_FL_2023-10-4","MSX","Positive",0,36.6,0
"24","A6_CviMVP_PlDNA_10_SG.sharedLotterhosPuritz_1743_a99589c6","WS_CB_VA_2022-10-7","MSX","Negative",0,0,0
"25","B3_CviMVP_PlDNA_10_SG_2071_b4afd129","IL_ApBay_FL_2023-10-3","MSX","Negative",0,0,0
"27","B5_CviMVP_PlDNA_10_SG_1158_3bbb4b81","SkR_GA_2022-6-14","MSX","Positive",0,30.21,0
"29","C3_CviMVP_PlDNA_10_SG_2058_1f9da7a1","EC_ApBay_FL_2023-10-4","MSX","Negative",0,0,0
"30","C4_CviMVP_PlDNA_10_SG_1681_f4ee8856","EelLake_Canada_2022-9-27","MSX","Negative",0,0,0
"31","C5_CviMVP_PlDNA_10_SG_1888_a831e64b","DC_DR_ME_2022-10-25","MSX","Positive",0,32.38,0
"32","C6_CviMVP_PlDNA_10_SG_1188_d3bbc7d3","Culch_Ba_LA_2022-6-21","MSX","Negative",0,0,0
"33","B7_CviMVP_PlDNA_10_SG_2027_40c79c0d","IL_ApBay_FL_2023-10-3","MSX","Positive",0,38.05,0
"34","D3_CviMVP_PlDNA_10_SG_1117_78a75902","CB_TX_2022-6-9","MSX","Negative",0,0,0
"35","D4_CviMVP_PlDNA_10_SG_2022_fe5dd5e1","IL_ApBay_FL_2023-10-3","MSX","Positive",0,38.28,0
"36","D6_CviMVP_PlDNA_10_SG_2067_ad481849","IL_ApBay_FL_2023-10-3","MSX","Negative",0,0,0
"37","E3_CviMVP_PlDNA_10_SG_1367_848f0492","Nickle_Rf_LA_2022-8-1","MSX","Negative",0,0,0
"38","E4_CviMVP_PlDNA_10_SG_2024_45ef0038","IL_ApBay_FL_2023-10-3","MSX","Negative",0,0,0
"39","E5_CviMVP_PlDNA_10_SG_1456_68650f46","Cal_Lake_LA_2022-8-11","MSX","Negative",0,0,0
"40","E6_CviMVP_PlDNA_10_SG_1449_a339503d","Cal_Lake_LA_2022-8-11","MSX","Negative",0,0,0
"41","D7_CviMVP_PlDNA_10_SG_1382_c71a858c","Sister_Lk_LA_2022-8-9","MSX","Negative",0,0,0
"42","F3_CviMVP_PlDNA_10_SG.sharedLotterhosPuritz_1724_dfa791d5","WS_CB_VA_2022-10-7","MSX","Negative",0,0,0
"43","F4_CviMVP_PlDNA_10_SG_1417_d4db5fe7","GriceCove_SC_2022-8-10","MSX","Negative",0,0,0
"44","F5_CviMVP_PlDNA_10_SG_2094_02a78116","FC_LIS_CT_2023-10-11","MSX","Positive",0,33.32,0
"45","E7_CviMVP_PlDNA_10_SG_1907_e2ee8f04","Orrs_Cove_ME_2022-10-31","MSX","Negative",0,0,0
"46","G3_CviMVP_PlDNA_10_SG_1067_8d996fb4","OL_MI_SC_2022-5-31","MSX","Negative",0,0,0
"47","G4_CviMVP_PlDNA_10_SG_1333_3ba1aeca","Mer_GA_2022-7-26","MSX","Positive",0,34.23,0
"48","G5_CviMVP_PlDNA_10_SG_1466_596c2168","SR_GB_NH_2022-8-12","MSX","Positive",3,22.8,1e-05
"50","H3_CviMVP_PlDNA_10_SG_1621_537d3b67","SawIs_MA_2022-9-5","MSX","Negative",0,0,0
"51","H4_CviMVP_PlDNA_10_SG_2075_7ce89a58","FC_LIS_CT_2023-10-11","MSX","Positive",0,37.46,0
"52","H6_CviMVP_PlDNA_10_SG_2063_47fa25a7","IL_ApBay_FL_2023-10-3","MSX","Negative",0,0,0
"53","A8_CviMVP_PlDNA_5_SG_1240_5c86242a","CC_VA_2022-7-11","MSX","Negative",0,0,0
"54","A10_CviMVP_PlDNA_5_SG.sharedLotterhosPuritz_3010_78670ac9","CS_DB_NJ_2022-9-21","MSX","Positive",0,28.49,0
"56","A12_CviMVP_PlDNA_5_SG_1825_b3a90178","PrEdIs_CN_A_2022-10-18","MSX","Negative",0,0,0
"57","B8_CviMVP_PlDNA_5_SG_1558_fba7a623","CPR_MS_AL_2022-8-24","MSX","Negative",0,0,0
"58","B10_CviMVP_PlDNA_5_SG_1037_baf65a49","LakeFortuna_LA_2022-5-11","MSX","Negative",0,0,0
"59","B11_CviMVP_PlDNA_5_SG.sharedLotterhosPuritz_3035_b56ac115","HC_DB_NJ_2022-9-23","MSX","Negative",0,0,0
"60","A9_CviMVP_PlDNA_5_SG_1659_12a25bac","EelLake_Canada_2022-9-27","MSX","Negative",0,0,0
"61","D7_CviMVP_PlDNA_5_SG_1796_1ba8d3a0","NPS_PS_NC_2022-10-12","MSX","Negative",0,0,0
"62","C8_CviMVP_PlDNA_5_SG_1177_84b10c5a","Culch_Ba_LA_2022-6-21","MSX","Negative",0,0,0
"63","C10_CviMVP_PlDNA_5_SG_1699_ba3f6196","SaLa_GA_2022-10-5","MSX","Negative",0,0,0
"66","E7_CviMVP_PlDNA_5_SG_1916_b4df3bc3","Orrs_Cove_ME_2022-10-31","MSX","Positive",0,33.54,0
"67","D8_CviMVP_PlDNA_5_SG.sharedLotterhosPuritz_1850_dfd894f5","LCP_UP_MD_2022-10-20","MSX","Negative",0,0,0
"68","D10_CviMVP_PlDNA_5_SG_1673_65fa18bf","EelLake_Canada_2022-9-27","MSX","Negative",0,0,0
"69","D11_CviMVP_PlDNA_5_SG.sharedLotterhosPuritz_1523_b1a44415","DC_NB_RI_2022-8-19","MSX","Negative",0,0,0
"72","E8_CviMVP_PlDNA_5_SG_1555_8dbba465","CPR_MS_AL_2022-8-24","MSX","Negative",0,0,0
"73","E10_CviMVP_PlDNA_5_SG_1339_2f706811","Mer_GA_2022-7-26","MSX","Positive",0,38.51,0
"75","E12_CviMVP_PlDNA_5_SG_1185_aba5efd7","Culch_Ba_LA_2022-6-21","MSX","Negative",0,0,0
"76","G7_CviMVP_PlDNA_5_SG.sharedLotterhosPuritz_1537_b0ca9a64","DC_NB_RI_2022-8-19","MSX","Positive",0,38.71,0
"77","F8_CviMVP_PlDNA_5_SG_1236_d423013f","CC_VA_2022-7-11","MSX","Negative",0,0,0
"78","F10_CviMVP_PlDNA_5_SG_1140_2d92ccfe","FP_Sav_GA_2022-6-10","MSX","Positive",2,24.24,5e-05
"80","H7_CviMVP_PlDNA_5_SG_1790_4da0737e","NPS_PS_NC_2022-10-12","MSX","Negative",0,0,0
"83","G12_CviMVP_PlDNA_5_SG.sharedLotterhosPuritz_1860_6b3c9694","LCP_UP_MD_2022-10-20","MSX","Positive",2,24.49,4e-05
"84","H8_CviMVP_PlDNA_5_SG.sharedLotterhosPuritz_1776_3c0d0ba6","DWS_CB_VA_2022-10-7","MSX","Negative",0,0,0
"85","H10_CviMVP_PlDNA_5_SG_1420_9ee80cac","GriceCove_SC_2022-8-10","MSX","Negative",0,0,0
"87","H12_CviMVP_PlDNA_5_SG_1370_ad268e37","Nickle_Rf_LA_2022-8-1","MSX","Negative",0,0,0
"88","A1_CviMVP_PlDNA_8_SG_1704_5a1dbe6d","SaLa_GA_2022-10-5","MSX","Positive",0,35.35,0
"89","A3_CviMVP_PlDNA_8_SG_1244_e32d6f62","CC_VA_2022-7-11","MSX","Positive",0,35.75,0
"90","A4_CviMVP_PlDNA_8_SG_1018_d1b93996","LakeFortuna_LA_2022-5-11","MSX","Positive",0,38.9,0
"91","B1_CviMVP_PlDNA_8_SG_1963_eb235ee9","FFJ_CF_NC_2023-7-19","MSX","Positive",0,31.12,0
"92","B2_CviMVP_PlDNA_8_SG_1968_395d59b2","FFJ_CF_NC_2023-7-19","MSX","Positive",3,20.61,0.00025
"93","B4_CviMVP_PlDNA_8_SG_1934_cc08ebbc","UNCW_MS_NC_2023-7-17","MSX","Positive",0,37.5,0
"94","A5_CviMVP_PlDNA_8_SG_1193_ce1081da","Culch_Ba_LA_2022-6-21","MSX","Negative",0,0,0
"95","C1_CviMVP_PlDNA_8_SG_1435_7dd409da","Cal_Lake_LA_2022-8-11","MSX","Negative",0,0,0
"96","C2_CviMVP_PlDNA_8_SG_1216_f035d672","TP_TX_2022-6-28","MSX","Negative",0,0,0
"97","C3_CviMVP_PlDNA_8_SG.sharedLotterhosPuritz_1515_7b4479d6","DC_NB_RI_2022-8-19","MSX","Negative",0,0,0
"98","B5_CviMVP_PlDNA_8_SG_1915_6081db2b","Orrs_Cove_ME_2022-10-31","MSX","Positive",0,29.59,0
"99","D1_CviMVP_PlDNA_8_SG_1094_dbbaa94b","GalBay_TX_2022-6-2","MSX","Negative",0,0,0
"100","D2_CviMVP_PlDNA_8_SG_1150_d9d44bea","FP_Sav_GA_2022-6-10","MSX","Positive",3,22.01,0.00011
"101","D4_CviMVP_PlDNA_8_SG_1979_4d9cf09e","FFJ_CF_NC_2023-7-19","MSX","Positive",0,33.96,0
"102","C5_CviMVP_PlDNA_8_SG_1469_a4aec96e","SR_GB_NH_2022-8-12","MSX","Negative",0,0,0
"103","E2_CviMVP_PlDNA_8_SG_1964_e12c9fad","FFJ_CF_NC_2023-7-19","MSX","Positive",0,34.83,0
"104","E3_CviMVP_PlDNA_8_SG_1953_768af66b","UNCW_MS_NC_2023-7-17","MSX","Negative",0,0,0
"105","E4_CviMVP_PlDNA_8_SG_1110_fa506746","CB_TX_2022-6-9","MSX","Positive",0,37.91,0
"106","D5_CviMVP_PlDNA_8_SG_1958_1cc13247","FFJ_CF_NC_2023-7-19","MSX","Positive",0,34.99,0
"107","F2_CviMVP_PlDNA_8_SG_1875_a48165f7","DC_DR_ME_2022-10-25","MSX","Positive",0,36.19,0
"108","F3_CviMVP_PlDNA_8_SG_1976_e7453abd","FFJ_CF_NC_2023-7-19","MSX","Positive",3,21.31,0.00016
"109","F4_CviMVP_PlDNA_8_SG_1413_3470f785","GriceCove_SC_2022-8-10","MSX","Positive",0,36.48,0
"110","E5_CviMVP_PlDNA_8_SG_1644_56daca75","SaltBay_Canada_2022-9-27","MSX","Negative",0,0,0
"111","G1_CviMVP_PlDNA_8_SG.sharedLotterhosPuritz_3018_0816a7c7","CS_DB_NJ_2022-9-21","MSX","Negative",0,0,0
"112","G2_CviMVP_PlDNA_8_SG_1987_51f2e064","FFJ_CF_NC_2023-7-19","MSX","Positive",2,24.84,2e-05
"113","G4_CviMVP_PlDNA_8_SG_1940_aa240ac0","UNCW_MS_NC_2023-7-17","MSX","Positive",0,35.89,0
"114","H1_CviMVP_PlDNA_8_SG_1946_c72e69f0","UNCW_MS_NC_2023-7-17","MSX","Positive",0,32.21,0
"115","H2_CviMVP_PlDNA_8_SG_1817_40830da8","PrEdIs_CN_A_2022-10-18","MSX","Positive",0,34.51,0
"116","H3_CviMVP_PlDNA_8_SG_1590_6ac21255","KP_FGR_FL_2022-8-23","MSX","Positive",0,37.84,0
"117","H4_CviMVP_PlDNA_8_SG_1978_d8d8fcac","FFJ_CF_NC_2023-7-19","MSX","Positive",0,34.34,0
"118","A6_CviMVP_PlDNA_8_SG.sharedLotterhosPuritz_1841_a851fd66","LCP_UP_MD_2022-10-20","MSX","Negative",0,0,0
"119","A7_CviMVP_PlDNA_8_SG_1974_61233be3","FFJ_CF_NC_2023-7-19","MSX","Positive",0,31.24,0
"120","A8_CviMVP_PlDNA_8_SG_1961_5fb604b5","FFJ_CF_NC_2023-7-19","MSX","Positive",0,33.39,0
"122","B6_CviMVP_PlDNA_8_SG_1300_44ce9ee3","Sapelo_Is_GA_2022-7-17","MSX","Positive",0,37.76,0
"123","B7_CviMVP_PlDNA_8_SG_1614_19a95902","SawIs_MA_2022-9-5","MSX","Positive",0,29.42,0
"124","B8_CviMVP_PlDNA_8_SG_1543_2be99652","CPR_MS_AL_2022-8-24","MSX","Negative",0,0,0
"125","B9_CviMVP_PlDNA_8_SG_1956_2c578cb3","UNCW_MS_NC_2023-7-17","MSX","Positive",2,23.58,1e-05
"126","F5_CviMVP_PlDNA_8_SG_1685_5ab3f690","EelLake_Canada_2022-9-27","MSX","Positive",0,32.42,0
"127","C8_CviMVP_PlDNA_8_SG_1932_20da4fab","UNCW_MS_NC_2023-7-17","MSX","Positive",3,17.29,4e-04
"128","C9_CviMVP_PlDNA_8_SG_1388_408449ca","Sister_Lk_LA_2022-8-9","MSX","Positive",0,28.39,0
"129","G5_CviMVP_PlDNA_8_SG_1929_f5d9f828","UNCW_MS_NC_2023-7-17","MSX","Positive",0,36.03,0
"130","D6_CviMVP_PlDNA_8_SG_1985_db2b8025","FFJ_CF_NC_2023-7-19","MSX","Positive",1,26.68,0
"131","D8_CviMVP_PlDNA_8_SG_1349_2d6f6e87","Nickle_Rf_LA_2022-8-1","MSX","Positive",0,34.64,0
"132","H5_CviMVP_PlDNA_8_SG_1462_7035a568","SR_GB_NH_2022-8-12","MSX","Positive",1,25.2,0
"133","E6_CviMVP_PlDNA_8_SG_1945_47841aa2","UNCW_MS_NC_2023-7-17","MSX","Positive",0,36.66,0
"134","E9_CviMVP_PlDNA_8_SG_1290_0146de7c","Sapelo_Is_GA_2022-7-17","MSX","Positive",2,23.29,1e-05
"136","F6_CviMVP_PlDNA_8_SG_1942_7d9bec89","UNCW_MS_NC_2023-7-17","MSX","Positive",3,18.87,0.00013
"139","F8_CviMVP_PlDNA_8_SG_1132_c78437b2","FP_Sav_GA_2022-6-10","MSX","Positive",0,31.52,0
"140","F9_CviMVP_PlDNA_8_SG.sharedLotterhosPuritz_1500_66a95736","NR_NB_RI_2022-8-19","MSX","Positive",0,30.38,0
"141","G6_CviMVP_PlDNA_8_SG_1683_f7d0048b","EelLake_Canada_2022-9-27","MSX","Positive",0,36.48,0
"142","G8_CviMVP_PlDNA_8_SG_1567_d4e8b574","CPR_MS_AL_2022-8-24","MSX","Negative",0,0,0
"143","G9_CviMVP_PlDNA_8_SG_1327_ed207175","Mer_GA_2022-7-26","MSX","Positive",2,23.44,1e-05
"144","H8_CviMVP_PlDNA_8_SG_1717_4c543071","SaLa_GA_2022-10-5","MSX","Positive",0,27.92,0
"145","H9_CviMVP_PlDNA_8_SG_1973_6e1dd4a0","FFJ_CF_NC_2023-7-19","MSX","Positive",3,22.17,1e-05
"146","A1_CviMVP_PlDNA_1_SG_1578_ce10073c","KP_FGR_FL_2022-8-23","MSX","Positive",0,27.41,1e-05
"147","A2_CviMVP_PlDNA_1_SG_1252_dcaed37c","CC_VA_2022-7-11","MSX","Negative",0,0,0
"148","A3_CviMVP_PlDNA_1_SG_1103_107ab9bb","CB_TX_2022-6-9","MSX","Negative",0,0,0
"149","A4_CviMVP_PlDNA_1_SG_1395_7c3f2e88","Sister_Lk_LA_2022-8-9","MSX","Negative",0,0,0
"150","B1_CviMVP_PlDNA_1_SG_1622_8952d237","SawIs_MA_2022-9-5","MSX","Negative",0,0,0
"151","B2_CviMVP_PlDNA_1_SG_1451_5767505c","Cal_Lake_LA_2022-8-11","MSX","Negative",0,0,0
"152","B3_CviMVP_PlDNA_1_SG_1231_b33de568","CC_VA_2022-7-11","MSX","Negative",0,0,0
"153","C4_CviMVP_PlDNA_1_SG_1241_ec5d53a6","CC_VA_2022-7-11","MSX","Negative",0,0,0
"154","A5_CviMVP_PlDNA_1_SG_1439_4d1e45dd","Cal_Lake_LA_2022-8-11","MSX","Negative",0,0,0
"155","C1_CviMVP_PlDNA_1_SG_1120_814ca307","CB_TX_2022-6-9","MSX","Negative",0,0,0
"156","C2_CviMVP_PlDNA_1_SG_1603_f868f1b7","SawIs_MA_2022-9-5","MSX","Negative",0,0,0
"157","C3_CviMVP_PlDNA_1_SG_1397_c67e0a12","Sister_Lk_LA_2022-8-9","MSX","Negative",0,0,0
"158","D4_CviMVP_PlDNA_1_SG_1430_2848cce4","Cal_Lake_LA_2022-8-11","MSX","Negative",0,0,0
"159","B5_CviMVP_PlDNA_1_SG_1438_ef798fa4","Cal_Lake_LA_2022-8-11","MSX","Negative",0,0,0
"160","D1_CviMVP_PlDNA_1_SG_1463_32cff799","SR_GB_NH_2022-8-12","MSX","Positive",0,27.73,1e-05
"161","D2_CviMVP_PlDNA_1_SG_1393_6e3e8ad0","Sister_Lk_LA_2022-8-9","MSX","Negative",0,0,0
"162","D3_CviMVP_PlDNA_1_SG_1446_7577ead5","Cal_Lake_LA_2022-8-11","MSX","Negative",0,0,0
"163","E4_CviMVP_PlDNA_1_SG_1126_c5ba762d","CB_TX_2022-6-9","MSX","Negative",0,0,0
"164","C5_CviMVP_PlDNA_1_SG_1886_e867e0c6","DC_DR_ME_2022-10-25","MSX","Negative",0,0,0
"165","E1_CviMVP_PlDNA_1_SG.sharedLotterhosPuritz_1749_1339c6df","DWS_CB_VA_2022-10-7","MSX","Negative",0,0,0
"166","E2_CviMVP_PlDNA_1_SG_1624_f59660b5","SawIs_MA_2022-9-5","MSX","Positive",0,27.18,1e-05
"167","E3_CviMVP_PlDNA_1_SG_1457_1069de49","SR_GB_NH_2022-8-12","MSX","Positive",0,34.29,0
"168","F4_CviMVP_PlDNA_1_SG_1378_32091231","Sister_Lk_LA_2022-8-9","MSX","Negative",0,0,0
"169","D5_CviMVP_PlDNA_1_SG_1570_998e65c4","KP_FGR_FL_2022-8-23","MSX","Positive",0,38.83,0
"170","F1_CviMVP_PlDNA_1_SG_1605_a0a8cbba","SawIs_MA_2022-9-5","MSX","Negative",0,0,0
"171","F2_CviMVP_PlDNA_1_SG_1394_cd8aba4f","Sister_Lk_LA_2022-8-9","MSX","Negative",0,0,0
"172","G3_CviMVP_PlDNA_1_SG.sharedLotterhosPuritz_1750_c3f4dbef","DWS_CB_VA_2022-10-7","MSX","Positive",3,22.26,9e-05
"173","G4_CviMVP_PlDNA_1_SG_1434_384f3ae3","Cal_Lake_LA_2022-8-11","MSX","Negative",0,0,0
"174","G1_CviMVP_PlDNA_1_SG_1576_50e361db","KP_FGR_FL_2022-8-23","MSX","Negative",0,0,0
"175","G2_CviMVP_PlDNA_1_SG_1460_2e2fcbcb","SR_GB_NH_2022-8-12","MSX","Positive",0,35.04,0
"176","H3_CviMVP_PlDNA_1_SG_1586_8fe62d94","KP_FGR_FL_2022-8-23","MSX","Negative",0,0,0
"177","H1_CviMVP_PlDNA_1_SG_1611_a218009b","SawIs_MA_2022-9-5","MSX","Negative",0,0,0
"178","H2_CviMVP_PlDNA_1_SG_1253_50c2953b","CC_VA_2022-7-11","MSX","Negative",0,0,0
"179","F5_CviMVP_PlDNA_1_SG_1381_205acadd","Sister_Lk_LA_2022-8-9","MSX","Positive",0,32.37,0
"180","G5_CviMVP_PlDNA_1_SG_1121_e44e1e24","CB_TX_2022-6-9","MSX","Negative",0,0,0
"181","A6_CviMVP_PlDNA_1_SG_1390_c6755537","Sister_Lk_LA_2022-8-9","MSX","Negative",0,0,0
"182","A7_CviMVP_PlDNA_1_SG.sharedLotterhosPuritz_1768_5fe305a2","DWS_CB_VA_2022-10-7","MSX","Negative",0,0,0
"183","A9_CviMVP_PlDNA_1_SG.sharedLotterhosPuritz_1766_b03cf183","DWS_CB_VA_2022-10-7","MSX","Negative",0,0,0
"184","B6_CviMVP_PlDNA_1_SG_1473_6075f53c","SR_GB_NH_2022-8-12","MSX","Positive",0,37.25,0
"185","B7_CviMVP_PlDNA_1_SG_1468_2e2613cd","SR_GB_NH_2022-8-12","MSX","Negative",0,0,0
"186","B8_CviMVP_PlDNA_1_SG_1618_409fae3a","SawIs_MA_2022-9-5","MSX","Positive",0,38.12,0
"187","B9_CviMVP_PlDNA_1_SG_1238_3f7ed135","CC_VA_2022-7-11","MSX","Negative",0,0,0
"188","A10_CviMVP_PlDNA_1_SG_1127_5d911985","CB_TX_2022-6-9","MSX","Negative",0,0,0
"189","C6_CviMVP_PlDNA_1_SG.sharedLotterhosPuritz_1775_e5ce5c0f","DWS_CB_VA_2022-10-7","MSX","Negative",0,0,0
"190","C7_CviMVP_PlDNA_1_SG_1600_f7161c05","SawIs_MA_2022-9-5","MSX","Negative",0,0,0
"191","C8_CviMVP_PlDNA_1_SG_1249_ea2bc1d7","CC_VA_2022-7-11","MSX","Negative",0,0,0
"192","C9_CviMVP_PlDNA_1_SG_1574_143671d4","KP_FGR_FL_2022-8-23","MSX","Negative",0,0,0
"193","B10_CviMVP_PlDNA_1_SG_1119_34ade408","CB_TX_2022-6-9","MSX","Negative",0,0,0
"194","D6_CviMVP_PlDNA_1_SG_1890_37209564","DC_DR_ME_2022-10-25","MSX","Positive",0,33.37,0
"195","D7_CviMVP_PlDNA_1_SG_1255_9a84394e","CC_VA_2022-7-11","MSX","Positive",1,25.3,1e-05
"196","D9_CviMVP_PlDNA_1_SG_1461_0baeb3eb","SR_GB_NH_2022-8-12","MSX","Positive",1,25.22,1e-05
"197","C10_CviMVP_PlDNA_1_SG_1386_3505dd4f","Sister_Lk_LA_2022-8-9","MSX","Negative",0,0,0
"198","E6_CviMVP_PlDNA_1_SG_1392_6133f015","Sister_Lk_LA_2022-8-9","MSX","Negative",0,0,0
"199","E7_CviMVP_PlDNA_1_SG.sharedLotterhosPuritz_1764_ea467efb","DWS_CB_VA_2022-10-7","MSX","Negative",0,0,0
"200","E8_CviMVP_PlDNA_1_SG_1376_66a62dfd","Sister_Lk_LA_2022-8-9","MSX","Negative",0,0,0
"201","E9_CviMVP_PlDNA_1_SG.sharedLotterhosPuritz_1761_50f9589f","DWS_CB_VA_2022-10-7","MSX","Positive",0,36.88,0
"202","D10_CviMVP_PlDNA_1_SG_1471_c9f8e6c3","SR_GB_NH_2022-8-12","MSX","Positive",0,37.77,0
"203","F6_CviMVP_PlDNA_1_SG_1881_ef2db062","DC_DR_ME_2022-10-25","MSX","Positive",0,32.62,0
"204","F7_CviMVP_PlDNA_1_SG_1111_79a19714","CB_TX_2022-6-9","MSX","Positive",0,34.81,0
"205","F9_CviMVP_PlDNA_1_SG_1245_5b85a925","CC_VA_2022-7-11","MSX","Negative",0,0,0
"206","E10_CviMVP_PlDNA_1_SG_1877_f2d87033","DC_DR_ME_2022-10-25","MSX","Positive",0,39.02,0
"207","G6_CviMVP_PlDNA_1_SG_1608_de738593","SawIs_MA_2022-9-5","MSX","Negative",0,0,0
"208","G7_CviMVP_PlDNA_1_SG_1575_5d10637a","KP_FGR_FL_2022-8-23","MSX","Negative",0,0,0
"209","G8_CviMVP_PlDNA_1_SG_1874_7a55697c","DC_DR_ME_2022-10-25","MSX","Negative",0,0,0
"210","H7_CviMVP_PlDNA_1_SG_1879_18c16562","DC_DR_ME_2022-10-25","MSX","Positive",3,22.09,6e-05
"211","H8_CviMVP_PlDNA_1_SG_1455_e05c4f6d","Cal_Lake_LA_2022-8-11","MSX","Negative",0,0,0
"212","H9_CviMVP_PlDNA_1_SG_1104_589c9460","CB_TX_2022-6-9","MSX","Negative",0,0,0
"213","A11_CviMVP_PlDNA_1_SG.sharedLotterhosPuritz_1751_bc382cb1","DWS_CB_VA_2022-10-7","MSX","Negative",0,0,0
"214","A12_CviMVP_PlDNA_1_SG_1258_b240dd80","CC_VA_2022-7-11","MSX","Negative",0,0,0
"215","H1_CviMVP_PlDNA_2_SG_1581_5b837c25","KP_FGR_FL_2022-8-23","MSX","Positive",0,38.56,0
"216","A2_CviMVP_PlDNA_2_SG_1687_c7405305","EelLake_Canada_2022-9-27","MSX","Negative",0,0,0
"217","B11_CviMVP_PlDNA_1_SG_1431_c83e8d48","Cal_Lake_LA_2022-8-11","MSX","Negative",0,0,0
"218","B12_CviMVP_PlDNA_1_SG_1573_b976a26c","KP_FGR_FL_2022-8-23","MSX","Negative",0,0,0
"219","G1_CviMVP_PlDNA_2_SG_1049_2c29990f","OL_MI_SC_2022-5-31","MSX","Negative",0,0,0
"220","C2_CviMVP_PlDNA_2_SG_1334_394cabff","Mer_GA_2022-7-26","MSX","Positive",0,38.06,0
"221","F10_CviMVP_PlDNA_1_SG_1613_b2783401","SawIs_MA_2022-9-5","MSX","Negative",0,0,0
"222","C11_CviMVP_PlDNA_1_SG_1583_4093d9eb","KP_FGR_FL_2022-8-23","MSX","Positive",0,35.97,0
"223","C12_CviMVP_PlDNA_1_SG_1610_aa188751","SawIs_MA_2022-9-5","MSX","Positive",0,31.36,0
"224","D2_CviMVP_PlDNA_2_SG_1219_418ed3df","TP_TX_2022-6-28","MSX","Negative",0,0,0
"225","G10_CviMVP_PlDNA_1_SG_1115_167ef2dd","CB_TX_2022-6-9","MSX","Negative",0,0,0
"226","D11_CviMVP_PlDNA_1_SG_1229_59b34b24","CC_VA_2022-7-11","MSX","Negative",0,0,0
"227","D12_CviMVP_PlDNA_1_SG_1891_20df4068","DC_DR_ME_2022-10-25","MSX","Positive",0,36.51,0
"228","E1_CviMVP_PlDNA_2_SG_1629_d7b6cad8","SaltBay_Canada_2022-9-27","MSX","Negative",0,0,0
"229","F2_CviMVP_PlDNA_2_SG_1664_a2a4720a","EelLake_Canada_2022-9-27","MSX","Negative",0,0,0
"230","H10_CviMVP_PlDNA_1_SG_1436_277e755d","Cal_Lake_LA_2022-8-11","MSX","Negative",0,0,0
"231","E11_CviMVP_PlDNA_1_SG_1480_8a36a1ff","SR_GB_NH_2022-8-12","MSX","Positive",0,30.76,0
"232","D1_CviMVP_PlDNA_2_SG_1215_3fb7a765","TP_TX_2022-6-28","MSX","Negative",0,0,0
"233","G2_CviMVP_PlDNA_2_SG_1674_8114fa71","EelLake_Canada_2022-9-27","MSX","Negative",0,0,0
"234","H5_CviMVP_PlDNA_1_SG_1582_4d5c48a7","KP_FGR_FL_2022-8-23","MSX","Positive",0,36.33,0
"235","F11_CviMVP_PlDNA_1_SG_1607_b581eaa9","SawIs_MA_2022-9-5","MSX","Negative",0,0,0
"236","F12_CviMVP_PlDNA_1_SG_1884_2e4c4b0b","DC_DR_ME_2022-10-25","MSX","Negative",0,0,0
"237","C1_CviMVP_PlDNA_2_SG_1048_9831ca6e","OL_MI_SC_2022-5-31","MSX","Negative",0,0,0
"238","H2_CviMVP_PlDNA_2_SG_1696_9e0ab92a","SaLa_GA_2022-10-5","MSX","Negative",0,0,0
"239","B3_CviMVP_PlDNA_2_SG_1823_b35e54f9","PrEdIs_CN_A_2022-10-18","MSX","Negative",0,0,0
"240","G11_CviMVP_PlDNA_1_SG_1868_dfac88e0","DC_DR_ME_2022-10-25","MSX","Negative",0,0,0
"241","G12_CviMVP_PlDNA_1_SG_1458_f3ca3ad9","SR_GB_NH_2022-8-12","MSX","Positive",1,25.53,0
"242","B1_CviMVP_PlDNA_2_SG_1912_e0a59721","Orrs_Cove_ME_2022-10-31","MSX","Negative",0,0,0
"243","D3_CviMVP_PlDNA_2_SG.sharedLotterhosPuritz_1519_a6d73b27","DC_NB_RI_2022-8-19","MSX","Negative",0,0,0
"244","H11_CviMVP_PlDNA_1_SG.sharedLotterhosPuritz_1774_28c4bb0c","DWS_CB_VA_2022-10-7","MSX","Negative",0,0,0
"245","H12_CviMVP_PlDNA_1_SG_1383_ef032876","Sister_Lk_LA_2022-8-9","MSX","Negative",0,0,0
"246","A1_CviMVP_PlDNA_2_SG_1424_28f79e03","GriceCove_SC_2022-8-10","MSX","Negative",0,0,0
"247","E3_CviMVP_PlDNA_2_SG_1778_9d581faa","NPS_PS_NC_2022-10-12","MSX","Negative",0,0,0
"248","A4_CviMVP_PlDNA_2_SG_1085_b7bb9f04","GalBay_TX_2022-6-2","MSX","Negative",0,0,0
"249","A7_CviMVP_PlDNA_2_SG_1925_7c410165","Orrs_Cove_ME_2022-10-31","MSX","Negative",0,0,0
"250","B4_CviMVP_PlDNA_2_SG_1824_dd7f9914","PrEdIs_CN_A_2022-10-18","MSX","Positive",0,39.07,0
"251","B5_CviMVP_PlDNA_2_SG_1409_e556ee36","GriceCove_SC_2022-8-10","MSX","Negative",0,0,0
"252","B6_CviMVP_PlDNA_2_SG_1429_7aee0526","GriceCove_SC_2022-8-10","MSX","Negative",0,0,0
"253","B7_CviMVP_PlDNA_2_SG_1666_33d19e4e","EelLake_Canada_2022-9-27","MSX","Negative",0,0,0
"254","A8_CviMVP_PlDNA_2_SG_1686_184fe4d7","EelLake_Canada_2022-9-27","MSX","Negative",0,0,0
"255","C4_CviMVP_PlDNA_2_SG_1812_a1aacc78","PrEdIs_CN_A_2022-10-18","MSX","Negative",0,0,0
"256","C5_CviMVP_PlDNA_2_SG.sharedLotterhosPuritz_3044_dfab1eb6","HC_DB_NJ_2022-9-23","MSX","Negative",0,0,0
"257","D6_CviMVP_PlDNA_2_SG_1715_3df8d222","SaLa_GA_2022-10-5","MSX","Negative",0,0,0
"258","D7_CviMVP_PlDNA_2_SG_1105_cf668f83","CB_TX_2022-6-9","MSX","Negative",0,0,0
"259","B8_CviMVP_PlDNA_2_SG_1662_1f53eaa1","EelLake_Canada_2022-9-27","MSX","Negative",0,0,0
"260","D4_CviMVP_PlDNA_2_SG_1365_862540eb","Nickle_Rf_LA_2022-8-1","MSX","Negative",0,0,0
"261","E6_CviMVP_PlDNA_2_SG_1418_ce942e72","GriceCove_SC_2022-8-10","MSX","Negative",0,0,0
"262","E7_CviMVP_PlDNA_2_SG_1671_94d35d0a","EelLake_Canada_2022-9-27","MSX","Negative",0,0,0
"263","C8_CviMVP_PlDNA_2_SG_1384_24b58700","Sister_Lk_LA_2022-8-9","MSX","Negative",0,0,0
"264","E4_CviMVP_PlDNA_2_SG_1182_badaacbd","Culch_Ba_LA_2022-6-21","MSX","Negative",0,0,0
"265","E5_CviMVP_PlDNA_2_SG_1218_72ed5589","TP_TX_2022-6-28","MSX","Negative",0,0,0
"266","F6_CviMVP_PlDNA_2_SG.sharedLotterhosPuritz_1496_13dadaa0","NR_NB_RI_2022-8-19","MSX","Negative",0,0,0
"267","F7_CviMVP_PlDNA_2_SG_1029_1709b6fc","LakeFortuna_LA_2022-5-11","MSX","Negative",0,0,0
"268","D8_CviMVP_PlDNA_2_SG.sharedLotterhosPuritz_1526_8fde2a0e","DC_NB_RI_2022-8-19","MSX","Positive",0,38.49,0
"269","F4_CviMVP_PlDNA_2_SG_1186_8c0d3239","Culch_Ba_LA_2022-6-21","MSX","Negative",0,0,0
"270","F5_CviMVP_PlDNA_2_SG_1641_42f8af9b","SaltBay_Canada_2022-9-27","MSX","Negative",0,0,0
"271","G6_CviMVP_PlDNA_2_SG_1138_2a7224fb","FP_Sav_GA_2022-6-10","MSX","Positive",0,30.7,0
"272","G7_CviMVP_PlDNA_2_SG_1299_b1a66ac8","Sapelo_Is_GA_2022-7-17","MSX","Negative",0,0,0
"273","E8_CviMVP_PlDNA_2_SG_1356_4295d929","Nickle_Rf_LA_2022-8-1","MSX","Negative",0,0,0
"274","G4_CviMVP_PlDNA_2_SG_1184_7c2aa22d","Culch_Ba_LA_2022-6-21","MSX","Negative",0,0,0
"275","G5_CviMVP_PlDNA_2_SG_1027_8151ca73","LakeFortuna_LA_2022-5-11","MSX","Negative",0,0,0
"276","H6_CviMVP_PlDNA_2_SG.sharedLotterhosPuritz_3029_b178cb91","CS_DB_NJ_2022-9-21","MSX","Positive",0,31.5,0
"277","H7_CviMVP_PlDNA_2_SG_1800_6455f4be","NPS_PS_NC_2022-10-12","MSX","Negative",0,0,0
"278","F8_CviMVP_PlDNA_2_SG_1552_5d51308b","CPR_MS_AL_2022-8-24","MSX","Negative",0,0,0
"279","A9_CviMVP_PlDNA_2_SG_1628_5510ba60","SaltBay_Canada_2022-9-27","MSX","Negative",0,0,0
"280","A10_CviMVP_PlDNA_2_SG_1170_5ceaf20a","SkR_GA_2022-6-14","MSX","Negative",0,0,0
"281","A11_CviMVP_PlDNA_2_SG_1782_fa92e3f5","NPS_PS_NC_2022-10-12","MSX","Negative",0,0,0
"282","B10_CviMVP_PlDNA_2_SG.sharedLotterhosPuritz_1729_09f98c5b","WS_CB_VA_2022-10-7","MSX","Negative",0,0,0
"283","B11_CviMVP_PlDNA_2_SG.sharedLotterhosPuritz_1531_a3123770","DC_NB_RI_2022-8-19","MSX","Negative",0,0,0
"284","B12_CviMVP_PlDNA_2_SG_1624_f59660b5","SawIs_MA_2022-9-5","MSX","Positive",0,27.52,0
"285","F3_CviMVP_PlDNA_2_SG.sharedLotterhosPuritz_3000_2720f423","CS_DB_NJ_2022-9-21","MSX","Negative",0,0,0
"286","C9_CviMVP_PlDNA_2_SG_1032_6655cc76","LakeFortuna_LA_2022-5-11","MSX","Negative",0,0,0
"287","C10_CviMVP_PlDNA_2_SG.sharedLotterhosPuritz_3003_00b9719a","CS_DB_NJ_2022-9-21","MSX","Negative",0,0,0
"288","C11_CviMVP_PlDNA_2_SG.sharedLotterhosPuritz_1730_3947bb8f","WS_CB_VA_2022-10-7","MSX","Negative",0,0,0
"289","C12_CviMVP_PlDNA_2_SG_1813_c02ddcb7","PrEdIs_CN_A_2022-10-18","MSX","Negative",0,0,0
"290","G3_CviMVP_PlDNA_2_SG.sharedLotterhosPuritz_3028_9450ca97","CS_DB_NJ_2022-9-21","MSX","Negative",0,0,0
"291","D9_CviMVP_PlDNA_2_SG.sharedLotterhosPuritz_1509_242c6773","NR_NB_RI_2022-8-19","MSX","Negative",0,0,0
"292","D10_CviMVP_PlDNA_2_SG_1146_b3a78220","FP_Sav_GA_2022-6-10","MSX","Positive",0,35.25,0
"293","D11_CviMVP_PlDNA_2_SG_1476_336c2b9f","SR_GB_NH_2022-8-12","MSX","Negative",0,0,0
"294","H8_CviMVP_PlDNA_2_SG.sharedLotterhosPuritz_1516_405c32be","DC_NB_RI_2022-8-19","MSX","Negative",0,0,0
"295","E9_CviMVP_PlDNA_2_SG.sharedLotterhosPuritz_1483_dcff5b0d","NR_NB_RI_2022-8-19","MSX","Negative",0,0,0
"296","E10_CviMVP_PlDNA_2_SG_1403_28de4b21","GriceCove_SC_2022-8-10","MSX","Negative",0,0,0
"297","F11_CviMVP_PlDNA_2_SG_1811_dabc6d9e","PrEdIs_CN_A_2022-10-18","MSX","Negative",0,0,0
"298","E12_CviMVP_PlDNA_2_SG_1816_0d7068ff","PrEdIs_CN_A_2022-10-18","MSX","Negative",0,0,0
"299","H5_CviMVP_PlDNA_2_SG_1054_bb651ac2","OL_MI_SC_2022-5-31","MSX","Negative",0,0,0
"300","F9_CviMVP_PlDNA_2_SG.sharedLotterhosPuritz_1494_7e8e3848","NR_NB_RI_2022-8-19","MSX","Negative",0,0,0
"301","F10_CviMVP_PlDNA_2_SG_1151_2a064c70","FP_Sav_GA_2022-6-10","MSX","Positive",0,32.32,0
"302","G11_CviMVP_PlDNA_2_SG.sharedLotterhosPuritz_1734_999220c1","WS_CB_VA_2022-10-7","MSX","Negative",0,0,0
"303","F12_CviMVP_PlDNA_2_SG.sharedLotterhosPuritz_1854_49920960","LCP_UP_MD_2022-10-20","MSX","Negative",0,0,0
"304","G9_CviMVP_PlDNA_2_SG.sharedLotterhosPuritz_3049_23480dce","HC_DB_NJ_2022-9-23","MSX","Negative",0,0,0
"305","G10_CviMVP_PlDNA_2_SG_1133_44703552","FP_Sav_GA_2022-6-10","MSX","Positive",2,24.48,1e-05
"306","H11_CviMVP_PlDNA_2_SG.sharedLotterhosPuritz_1527_c9330c62","DC_NB_RI_2022-8-19","MSX","Negative",0,0,0
"307","G12_CviMVP_PlDNA_2_SG_1452_3e21ca6c","Cal_Lake_LA_2022-8-11","MSX","Negative",0,0,0
"308","H9_CviMVP_PlDNA_2_SG.sharedLotterhosPuritz_1495_6dd58e52","NR_NB_RI_2022-8-19","MSX","Negative",0,0,0
"310","C3_CviMVP_PlDNA_2_SG.sharedLotterhosPuritz_3017_c060f9a6","CS_DB_NJ_2022-9-21","MSX","Negative",0,0,0
"311","H12_CviMVP_PlDNA_2_SG_1371_c50dbc1e","Nickle_Rf_LA_2022-8-1","MSX","Negative",0,0,0
"312","A1_CviMVP_PlDNA_3_SG_1639_db25a5c3","SaltBay_Canada_2022-9-27","MSX","Positive",0,37.35,0
"313","A2_CviMVP_PlDNA_3_SG_1423_43438d17","GriceCove_SC_2022-8-10","MSX","Negative",0,0,0
"314","A3_CviMVP_PlDNA_3_SG.sharedLotterhosPuritz_1722_d9620874","WS_CB_VA_2022-10-7","MSX","Negative",0,0,0
"315","A4_CviMVP_PlDNA_3_SG.sharedLotterhosPuritz_1861_4b537e7a","LCP_UP_MD_2022-10-20","MSX","Negative",0,0,0
"316","B1_CviMVP_PlDNA_3_SG_1701_4821db1f","SaLa_GA_2022-10-5","MSX","Negative",0,0,0
"317","C2_CviMVP_PlDNA_3_SG_1051_b2f89cc5","OL_MI_SC_2022-5-31","MSX","Negative",0,0,0
"318","B3_CviMVP_PlDNA_3_SG_1787_8a972806","NPS_PS_NC_2022-10-12","MSX","Negative",0,0,0
"319","B4_CviMVP_PlDNA_3_SG_1389_08911bbf","Sister_Lk_LA_2022-8-9","MSX","Negative",0,0,0
"320","A5_CviMVP_PlDNA_3_SG_1225_19942566","TP_TX_2022-6-28","MSX","Negative",0,0,0
"321","C1_CviMVP_PlDNA_3_SG.sharedLotterhosPuritz_3036_408ed892","HC_DB_NJ_2022-9-23","MSX","Negative",0,0,0
"322","D2_CviMVP_PlDNA_3_SG_1557_d47a231f","CPR_MS_AL_2022-8-24","MSX","Negative",0,0,0
"323","C3_CviMVP_PlDNA_3_SG.sharedLotterhosPuritz_3023_12b47c5b","CS_DB_NJ_2022-9-21","MSX","Negative",0,0,0
"324","C4_CviMVP_PlDNA_3_SG_1575_5d10637a","KP_FGR_FL_2022-8-23","MSX","Negative",0,0,0
"325","B5_CviMVP_PlDNA_3_SG.sharedLotterhosPuritz_1491_4d777632","NR_NB_RI_2022-8-19","MSX","Negative",0,0,0
"326","D1_CviMVP_PlDNA_3_SG_1039_1b561850","LakeFortuna_LA_2022-5-11","MSX","Negative",0,0,0
"327","D3_CviMVP_PlDNA_3_SG_1286_59268f67","Sapelo_Is_GA_2022-7-17","MSX","Positive",0,36.66,0
"328","D4_CviMVP_PlDNA_3_SG_1183_5414cc84","Culch_Ba_LA_2022-6-21","MSX","Negative",0,0,0
"329","C5_CviMVP_PlDNA_3_SG_1095_64467e6a","GalBay_TX_2022-6-2","MSX","Negative",0,0,0
"330","E1_CviMVP_PlDNA_3_SG_1031_1b3cca54","LakeFortuna_LA_2022-5-11","MSX","Negative",0,0,0
"331","F2_CviMVP_PlDNA_3_SG.sharedLotterhosPuritz_1486_97845837","NR_NB_RI_2022-8-19","MSX","Negative",0,0,0
"332","E3_CviMVP_PlDNA_3_SG_1141_da432123","FP_Sav_GA_2022-6-10","MSX","Positive",0,33.07,0
"333","E4_CviMVP_PlDNA_3_SG_1898_e19706e2","Orrs_Cove_ME_2022-10-31","MSX","Positive",1,26.41,0
"334","D5_CviMVP_PlDNA_3_SG_1203_5ff51565","TP_TX_2022-6-28","MSX","Negative",0,0,0
"335","F1_CviMVP_PlDNA_3_SG_1642_8ae9c894","SaltBay_Canada_2022-9-27","MSX","Negative",0,0,0
"336","G2_CviMVP_PlDNA_3_SG.sharedLotterhosPuritz_1732_312c1a7e","WS_CB_VA_2022-10-7","MSX","Negative",0,0,0
"337","F3_CviMVP_PlDNA_3_SG_1467_0471606e","SR_GB_NH_2022-8-12","MSX","Positive",1,26.23,0
"338","F4_CviMVP_PlDNA_3_SG_1296_1006c251","Sapelo_Is_GA_2022-7-17","MSX","Negative",0,0,0
"339","E5_CviMVP_PlDNA_3_SG_1633_86fd52e6","SaltBay_Canada_2022-9-27","MSX","Negative",0,0,0
"340","G1_CviMVP_PlDNA_3_SG_1152_e87ad87c","SkR_GA_2022-6-14","MSX","Positive",0,28.95,0
"341","H2_CviMVP_PlDNA_3_SG_1784_29ba5533","NPS_PS_NC_2022-10-12","MSX","Negative",0,0,0
"342","G3_CviMVP_PlDNA_3_SG_1289_ce6a63ea","Sapelo_Is_GA_2022-7-17","MSX","Negative",0,0,0
"343","G4_CviMVP_PlDNA_3_SG.sharedLotterhosPuritz_1518_4ff5ee3e","DC_NB_RI_2022-8-19","MSX","Negative",0,0,0
"344","H1_CviMVP_PlDNA_3_SG_1604_97e84e04","SawIs_MA_2022-9-5","MSX","Negative",0,0,0
"345","F5_CviMVP_PlDNA_3_SG_1702_57acd977","SaLa_GA_2022-10-5","MSX","Negative",0,0,0
"346","H3_CviMVP_PlDNA_3_SG_1791_6994d958","NPS_PS_NC_2022-10-12","MSX","Negative",0,0,0
"347","H4_CviMVP_PlDNA_3_SG.sharedLotterhosPuritz_1867_848c805c","LCP_UP_MD_2022-10-20","MSX","Negative",0,0,0
"348","A6_CviMVP_PlDNA_3_SG.sharedLotterhosPuritz_3007_8a86f2f3","CS_DB_NJ_2022-9-21","MSX","Negative",0,0,0
"349","A7_CviMVP_PlDNA_3_SG.sharedLotterhosPuritz_1769_28e6bcda","DWS_CB_VA_2022-10-7","MSX","Negative",0,0,0
"350","A9_CviMVP_PlDNA_3_SG_1159_a3a06726","SkR_GA_2022-6-14","MSX","Positive",0,32.23,0
"351","B8_CviMVP_PlDNA_3_SG.sharedLotterhosPuritz_1536_2cb8b409","DC_NB_RI_2022-8-19","MSX","Negative",0,0,0
"352","A10_CviMVP_PlDNA_3_SG_1015_9b0b22ae","LakeFortuna_LA_2022-5-11","MSX","Positive",0,37.75,0
"353","C6_CviMVP_PlDNA_3_SG_1091_f69ab709","GalBay_TX_2022-6-2","MSX","Negative",0,0,0
"354","C7_CviMVP_PlDNA_3_SG_1089_171c56fe","GalBay_TX_2022-6-2","MSX","Negative",0,0,0
"355","C8_CviMVP_PlDNA_3_SG_1257_2d61b6c8","CC_VA_2022-7-11","MSX","Negative",0,0,0
"356","D6_CviMVP_PlDNA_3_SG_1156_42f64b98","SkR_GA_2022-6-14","MSX","Positive",0,35.28,0
"357","D8_CviMVP_PlDNA_3_SG_1187_d1d068e1","Culch_Ba_LA_2022-6-21","MSX","Positive",0,35.79,0
"358","F6_CviMVP_PlDNA_3_SG_1544_361c6090","CPR_MS_AL_2022-8-24","MSX","Negative",0,0,0
"359","E7_CviMVP_PlDNA_3_SG_1821_7af88346","PrEdIs_CN_A_2022-10-18","MSX","Negative",0,0,0
"360","E8_CviMVP_PlDNA_3_SG_1818_5a48bf6b","PrEdIs_CN_A_2022-10-18","MSX","Negative",0,0,0
"361","E9_CviMVP_PlDNA_3_SG_1026_d9b276d4","LakeFortuna_LA_2022-5-11","MSX","Negative",0,0,0
"362","D10_CviMVP_PlDNA_3_SG_1201_90dd9abc","TP_TX_2022-6-28","MSX","Negative",0,0,0
"363","G6_CviMVP_PlDNA_3_SG_1128_2985a17f","FP_Sav_GA_2022-6-10","MSX","Positive",2,23.71,1e-05
"364","F7_CviMVP_PlDNA_3_SG_1353_99c23436","Nickle_Rf_LA_2022-8-1","MSX","Negative",0,0,0
"365","F8_CviMVP_PlDNA_3_SG_1362_e986275b","Nickle_Rf_LA_2022-8-1","MSX","Negative",0,0,0
"366","F9_CviMVP_PlDNA_3_SG.sharedLotterhosPuritz_1498_82354aba","NR_NB_RI_2022-8-19","MSX","Negative",0,0,0
"367","E10_CviMVP_PlDNA_3_SG.sharedLotterhosPuritz_3055_e8238a80","HC_DB_NJ_2022-9-23","MSX","Negative",0,0,0
"368","H6_CviMVP_PlDNA_3_SG_1922_42af2f75","Orrs_Cove_ME_2022-10-31","MSX","Positive",0,31.45,0
"369","G7_CviMVP_PlDNA_3_SG_1690_7193fce4","SaLa_GA_2022-10-5","MSX","Negative",0,0,0
"370","G8_CviMVP_PlDNA_3_SG.sharedLotterhosPuritz_1731_ec34a354","WS_CB_VA_2022-10-7","MSX","Negative",0,0,0
"371","E11_CviMVP_PlDNA_3_SG_1319_f6abf4f5","Mer_GA_2022-7-26","MSX","Positive",0,33.47,0
"372","H8_CviMVP_PlDNA_3_SG.sharedLotterhosPuritz_1511_e7286bb7","DC_NB_RI_2022-8-19","MSX","Negative",0,0,0
"373","H9_CviMVP_PlDNA_3_SG_1636_e34f2d48","SaltBay_Canada_2022-9-27","MSX","Negative",0,0,0
"374","A12_CviMVP_PlDNA_3_SG_1338_95293c8f","Mer_GA_2022-7-26","MSX","Negative",0,0,0
"375","B12_CviMVP_PlDNA_3_SG_1102_48c637c3","CB_TX_2022-6-9","MSX","Negative",0,0,0
"376","B1_CviMVP_PlDNA_4_SG_1057_08412b0c","OL_MI_SC_2022-5-31","MSX","Negative",0,0,0
"377","A3_CviMVP_PlDNA_4_SG.sharedLotterhosPuritz_1771_536699ad","DWS_CB_VA_2022-10-7","MSX","Negative",0,0,0
"378","C11_CviMVP_PlDNA_3_SG_1330_1af8467d","Mer_GA_2022-7-26","MSX","Negative",0,0,0
"379","C12_CviMVP_PlDNA_3_SG_1361_9b1f4445","Nickle_Rf_LA_2022-8-1","MSX","Negative",0,0,0
"380","C1_CviMVP_PlDNA_4_SG_1205_ae001ab4","TP_TX_2022-6-28","MSX","Negative",0,0,0
"381","D2_CviMVP_PlDNA_4_SG.sharedLotterhosPuritz_3056_728390bb","HC_DB_NJ_2022-9-23","MSX","Negative",0,0,0
"383","D11_CviMVP_PlDNA_3_SG_1109_d2a7f6ab","CB_TX_2022-6-9","MSX","Negative",0,0,0
"384","D12_CviMVP_PlDNA_3_SG_1829_bda513f5","PrEdIs_CN_A_2022-10-18","MSX","Negative",0,0,0
"385","D1_CviMVP_PlDNA_4_SG_1638_de9fb8f5","SaltBay_Canada_2022-9-27","MSX","Negative",0,0,0
"386","E2_CviMVP_PlDNA_4_SG_1917_af7a792d","Orrs_Cove_ME_2022-10-31","MSX","Positive",2,24.65,2e-05
"387","C3_CviMVP_PlDNA_4_SG_1148_e01548b2","FP_Sav_GA_2022-6-10","MSX","Positive",2,23.85,3e-05
"388","F11_CviMVP_PlDNA_3_SG.sharedLotterhosPuritz_1745_f187941c","WS_CB_VA_2022-10-7","MSX","Negative",0,0,0
"389","E12_CviMVP_PlDNA_3_SG_1175_7417dc30","Culch_Ba_LA_2022-6-21","MSX","Negative",0,0,0
"390","F2_CviMVP_PlDNA_4_SG_1123_53aae46e","CB_TX_2022-6-9","MSX","Negative",0,0,0
"391","D3_CviMVP_PlDNA_4_SG_1311_59f9dad6","Sapelo_Is_GA_2022-7-17","MSX","Positive",0,28.71,0
"392","G11_CviMVP_PlDNA_3_SG_1097_01d67bb5","GalBay_TX_2022-6-2","MSX","Negative",0,0,0
"393","F12_CviMVP_PlDNA_3_SG.sharedLotterhosPuritz_1719_c3f350c9","WS_CB_VA_2022-10-7","MSX","Negative",0,0,0
"394","F1_CviMVP_PlDNA_4_SG_1336_9bdae747","Mer_GA_2022-7-26","MSX","Positive",0,32.4,0
"395","F10_CviMVP_PlDNA_3_SG.sharedLotterhosPuritz_3015_1562c46c","CS_DB_NJ_2022-9-21","MSX","Negative",0,0,0
"396","E3_CviMVP_PlDNA_4_SG_1553_e2b0c8f8","CPR_MS_AL_2022-8-24","MSX","Positive",0,38.61,0
"397","H11_CviMVP_PlDNA_3_SG_1130_d4280f98","FP_Sav_GA_2022-6-10","MSX","Negative",0,0,0
"398","G12_CviMVP_PlDNA_3_SG_1194_879483b0","Culch_Ba_LA_2022-6-21","MSX","Negative",0,0,0
"399","G5_CviMVP_PlDNA_3_SG_1204_0821edd3","TP_TX_2022-6-28","MSX","Negative",0,0,0
"400","G10_CviMVP_PlDNA_3_SG_1324_0c891359","Mer_GA_2022-7-26","MSX","Positive",0,34.83,0
"402","H12_CviMVP_PlDNA_3_SG.sharedLotterhosPuritz_3021_448ac77f","CS_DB_NJ_2022-9-21","MSX","Negative",0,0,0
"403","H5_CviMVP_PlDNA_3_SG_1634_af27b8b9","SaltBay_Canada_2022-9-27","MSX","Negative",0,0,0
"404","H10_CviMVP_PlDNA_3_SG.sharedLotterhosPuritz_3053_b1bf0ddb","HC_DB_NJ_2022-9-23","MSX","Negative",0,0,0
"405","B1_CviMVP_PlDNA_7_SG_1295_57606ad7","Sapelo_Is_GA_2022-7-17","MSX","Positive",0,35.69,0
"406","A12_CviMVP_PlDNA_7_SG_1416_1225a415","GriceCove_SC_2022-8-10","MSX","Negative",0,0,0
"407","C11_CviMVP_PlDNA_8_SG_1914_2afde6ae","Orrs_Cove_ME_2022-10-31","MSX","Positive",3,19.34,5e-04
"408","D1_CviMVP_PlDNA_7_SG.sharedLotterhosPuritz_1739_86d6dd29","WS_CB_VA_2022-10-7","MSX","Negative",0,0,0
"409","C12_CviMVP_PlDNA_7_SG.sharedLotterhosPuritz_1529_cea1f7ed","DC_NB_RI_2022-8-19","MSX","Negative",0,0,0
"410","D11_CviMVP_PlDNA_8_SG_1792_ce78a1ce","NPS_PS_NC_2022-10-12","MSX","Negative",0,0,0
"411","A10_CviMVP_PlDNA_8_SG.sharedLotterhosPuritz_1777_59910a02","DWS_CB_VA_2022-10-7","MSX","Positive",0,35.46,0
"412","E1_CviMVP_PlDNA_7_SG_1572_cb4e0fea","KP_FGR_FL_2022-8-23","MSX","Negative",0,0,0
"413","G12_CviMVP_PlDNA_7_SG_1016_32ac523d","LakeFortuna_LA_2022-5-11","MSX","Positive",0,38.6,0
"414","E11_CviMVP_PlDNA_8_SG_1951_9c0cb988","UNCW_MS_NC_2023-7-17","MSX","Negative",0,0,0
"415","B10_CviMVP_PlDNA_8_SG_1983_1d443376","FFJ_CF_NC_2023-7-19","MSX","Positive",0,32.01,0
"416","G1_CviMVP_PlDNA_7_SG_1134_4679beda","FP_Sav_GA_2022-6-10","MSX","Positive",0,34.85,0
"417","E10_CviMVP_PlDNA_7_SG_1167_666608b2","SkR_GA_2022-6-14","MSX","Positive",0,33.25,0
"418","F11_CviMVP_PlDNA_8_SG_1837_3e5f9953","PrEdIs_CN_A_2022-10-18","MSX","Negative",0,0,0
"419","G10_CviMVP_PlDNA_8_SG_1044_2065a9df","OL_MI_SC_2022-5-31","MSX","Positive",0,37.79,0
"420","C10_CviMVP_PlDNA_8_SG_1936_1b3e42a8","UNCW_MS_NC_2023-7-17","MSX","Positive",3,21.54,0.00014
"421","A2_CviMVP_PlDNA_7_SG_1277_56f3e487","LM_TX_2022-7-10","MSX","Negative",0,0,0
"422","G11_CviMVP_PlDNA_8_SG_1096_6f8b4b94","GalBay_TX_2022-6-2","MSX","Positive",0,38.42,0
"423","H10_CviMVP_PlDNA_8_SG_1948_72ad7752","UNCW_MS_NC_2023-7-17","MSX","Positive",3,20.75,0.00022
"424","B12_CviMVP_PlDNA_8_SG_1036_906d5a68","LakeFortuna_LA_2022-5-11","MSX","Positive",0,37.84,0
"425","C2_CviMVP_PlDNA_7_SG_1660_74856262","EelLake_Canada_2022-9-27","MSX","Negative",0,0,0
"426","G10_CviMVP_PlDNA_7_SG_1873_24fd8078","DC_DR_ME_2022-10-25","MSX","Negative",0,0,0
"427","H11_CviMVP_PlDNA_8_SG_1329_10b5f219","Mer_GA_2022-7-26","MSX","Positive",0,33.4,0
"428","F12_CviMVP_PlDNA_8_SG_1053_950c6b7a","OL_MI_SC_2022-5-31","MSX","Positive",0,34.69,0
"429","H2_CviMVP_PlDNA_7_SG.sharedLotterhosPuritz_3016_ae22d219","CS_DB_NJ_2022-9-21","MSX","Positive",1,25.83,1e-05
"430","D8_CviMVP_PlDNA_7_SG.sharedLotterhosPuritz_1744_b7a36d63","WS_CB_VA_2022-10-7","MSX","Negative",0,0,0
"431","A7_CviMVP_PlDNA_7_SG.sharedLotterhosPuritz_1855_c2ef8b63","LCP_UP_MD_2022-10-20","MSX","Negative",0,0,0
"432","C12_CviMVP_PlDNA_8_SG_1122_c4a094b0","CB_TX_2022-6-9","MSX","Negative",0,0,0
"433","F4_CviMVP_PlDNA_7_SG_1407_9b09aa13","GriceCove_SC_2022-8-10","MSX","Negative",0,0,0
"434","E8_CviMVP_PlDNA_7_SG_1223_70f8e33b","TP_TX_2022-6-28","MSX","Negative",0,0,0
"435","B11_CviMVP_PlDNA_8_SG_1454_7119b428","Cal_Lake_LA_2022-8-11","MSX","Positive",0,33.83,0
"436","D12_CviMVP_PlDNA_8_SG_1794_9f4a3c1c","NPS_PS_NC_2022-10-12","MSX","Negative",0,0,0
"437","B4_CviMVP_PlDNA_4_SG.sharedLotterhosPuritz_1718_655bf590","WS_CB_VA_2022-10-7","MSX","Negative",0,0,0
"438","A5_CviMVP_PlDNA_4_SG_1017_8d7c2653","LakeFortuna_LA_2022-5-11","MSX","Negative",0,0,0
"439","A6_CviMVP_PlDNA_4_SG_1692_8c38f7d5","SaLa_GA_2022-10-5","MSX","Negative",0,0,0
"440","A7_CviMVP_PlDNA_4_SG_1309_dcb4787a","Sapelo_Is_GA_2022-7-17","MSX","Negative",0,0,0
"441","C4_CviMVP_PlDNA_4_SG_1478_bee2927e","SR_GB_NH_2022-8-12","MSX","Negative",0,0,0
"442","B5_CviMVP_PlDNA_4_SG_1428_2fded98a","GriceCove_SC_2022-8-10","MSX","Negative",0,0,0
"445","A8_CviMVP_PlDNA_4_SG_1363_34d018e7","Nickle_Rf_LA_2022-8-1","MSX","Negative",0,0,0
"446","D4_CviMVP_PlDNA_4_SG_1180_8429742a","Culch_Ba_LA_2022-6-21","MSX","Negative",0,0,0
"447","C5_CviMVP_PlDNA_4_SG_1164_98eed981","SkR_GA_2022-6-14","MSX","Positive",0,31.74,0
"448","C6_CviMVP_PlDNA_4_SG_1712_2338a29d","SaLa_GA_2022-10-5","MSX","Negative",0,0,0
"449","D7_CviMVP_PlDNA_4_SG.sharedLotterhosPuritz_1776_3c0d0ba6","DWS_CB_VA_2022-10-7","MSX","Negative",0,0,0
"450","B8_CviMVP_PlDNA_4_SG.sharedLotterhosPuritz_1849_21c5f2d5","LCP_UP_MD_2022-10-20","MSX","Negative",0,0,0
"451","E4_CviMVP_PlDNA_4_SG_1799_2e3fe4aa","NPS_PS_NC_2022-10-12","MSX","Negative",0,0,0
"452","D5_CviMVP_PlDNA_4_SG.sharedLotterhosPuritz_3038_a4e6ce98","HC_DB_NJ_2022-9-23","MSX","Negative",0,0,0
"453","D6_CviMVP_PlDNA_4_SG_1046_dd6103a0","OL_MI_SC_2022-5-31","MSX","Negative",0,0,0
"454","E7_CviMVP_PlDNA_4_SG.sharedLotterhosPuritz_1520_2ac7c9cd","DC_NB_RI_2022-8-19","MSX","Negative",0,0,0
"455","C8_CviMVP_PlDNA_4_SG.sharedLotterhosPuritz_1842_1b03335a","LCP_UP_MD_2022-10-20","MSX","Negative",0,0,0
"456","F4_CviMVP_PlDNA_4_SG_1827_43db5e47","PrEdIs_CN_A_2022-10-18","MSX","Negative",0,0,0
"458","F6_CviMVP_PlDNA_4_SG_1171_ec4b4908","SkR_GA_2022-6-14","MSX","Positive",0,36.06,0
"459","F7_CviMVP_PlDNA_4_SG_1064_8a94aafd","OL_MI_SC_2022-5-31","MSX","Negative",0,0,0
"460","D8_CviMVP_PlDNA_4_SG_1087_52775fe9","GalBay_TX_2022-6-2","MSX","Negative",0,0,0
"461","G4_CviMVP_PlDNA_4_SG_1198_980f6fe8","Culch_Ba_LA_2022-6-21","MSX","Negative",0,0,0
"462","F5_CviMVP_PlDNA_4_SG_1646_dc731bef","SaltBay_Canada_2022-9-27","MSX","Negative",0,0,0
"463","H6_CviMVP_PlDNA_4_SG_1832_200cdfa7","PrEdIs_CN_A_2022-10-18","MSX","Negative",0,0,0
"464","G7_CviMVP_PlDNA_4_SG_1548_a06e9f62","CPR_MS_AL_2022-8-24","MSX","Negative",0,0,0
"465","E8_CviMVP_PlDNA_4_SG_1079_865600c1","GalBay_TX_2022-6-2","MSX","Negative",0,0,0
"466","H4_CviMVP_PlDNA_4_SG.sharedLotterhosPuritz_1514_53c65e35","DC_NB_RI_2022-8-19","MSX","Negative",0,0,0
"467","G5_CviMVP_PlDNA_4_SG.sharedLotterhosPuritz_1488_d1de6993","NR_NB_RI_2022-8-19","MSX","Negative",0,0,0
"468","F8_CviMVP_PlDNA_4_SG.sharedLotterhosPuritz_1840_92caafa7","LCP_UP_MD_2022-10-20","MSX","Negative",0,0,0
"469","H7_CviMVP_PlDNA_4_SG_1810_984f0d11","PrEdIs_CN_A_2022-10-18","MSX","Negative",0,0,0
"470","F3_CviMVP_PlDNA_4_SG_1807_377a52b1","NPS_PS_NC_2022-10-12","MSX","Negative",0,0,0
"472","G8_CviMVP_PlDNA_4_SG_1442_9009f004","Cal_Lake_LA_2022-8-11","MSX","Negative",0,0,0
"473","H8_CviMVP_PlDNA_4_SG.sharedLotterhosPuritz_1845_1a32d8b0","LCP_UP_MD_2022-10-20","MSX","Negative",0,0,0
"474","A9_CviMVP_PlDNA_4_SG_1028_4e0fd7b2","LakeFortuna_LA_2022-5-11","MSX","Negative",0,0,0
"475","A10_CviMVP_PlDNA_4_SG_1902_8ccae1e5","Orrs_Cove_ME_2022-10-31","MSX","Negative",0,0,0
"476","A11_CviMVP_PlDNA_4_SG.sharedLotterhosPuritz_3001_63a6096b","CS_DB_NJ_2022-9-21","MSX","Positive",0,32.96,0
"477","A12_CviMVP_PlDNA_4_SG_1292_2cab46d3","Sapelo_Is_GA_2022-7-17","MSX","Positive",0,33.13,0
"478","B9_CviMVP_PlDNA_4_SG_1414_8945336e","GriceCove_SC_2022-8-10","MSX","Negative",0,0,0
"479","C10_CviMVP_PlDNA_4_SG_1880_6331e3b6","DC_DR_ME_2022-10-25","MSX","Positive",3,15.07,0.00279
"480","B11_CviMVP_PlDNA_4_SG.sharedLotterhosPuritz_1728_8f01cd90","WS_CB_VA_2022-10-7","MSX","Positive",0,38.9,0
"481","B12_CviMVP_PlDNA_4_SG_1297_a38f9ec9","Sapelo_Is_GA_2022-7-17","MSX","Positive",0,30.13,0
"483","C9_CviMVP_PlDNA_4_SG_1923_d8adabfd","Orrs_Cove_ME_2022-10-31","MSX","Negative",0,0,0
"484","D10_CviMVP_PlDNA_4_SG_1131_ece13837","FP_Sav_GA_2022-6-10","MSX","Positive",3,16.97,0.00097
"485","C11_CviMVP_PlDNA_4_SG_1805_d2f00fa3","NPS_PS_NC_2022-10-12","MSX","Positive",0,34.31,0
"486","C12_CviMVP_PlDNA_4_SG.sharedLotterhosPuritz_1852_a4a0a9fb","LCP_UP_MD_2022-10-20","MSX","Negative",0,0,0
"488","D9_CviMVP_PlDNA_4_SG_1066_01e3c4d8","OL_MI_SC_2022-5-31","MSX","Positive",0,32.44,0
"489","E10_CviMVP_PlDNA_4_SG_1153_b81d2c2e","SkR_GA_2022-6-14","MSX","Positive",0,32.72,0
"490","E11_CviMVP_PlDNA_4_SG_1924_0498d86d","Orrs_Cove_ME_2022-10-31","MSX","Positive",0,37.35,0
"491","D12_CviMVP_PlDNA_4_SG_1325_2b5ae8c2","Mer_GA_2022-7-26","MSX","Positive",0,33.81,0
"493","E9_CviMVP_PlDNA_4_SG_1168_5cf34250","SkR_GA_2022-6-14","MSX","Positive",0,38.19,0
"494","F10_CviMVP_PlDNA_4_SG_1331_5afac444","Mer_GA_2022-7-26","MSX","Positive",0,34.03,0
"495","F11_CviMVP_PlDNA_4_SG_1176_f3387444","Culch_Ba_LA_2022-6-21","MSX","Positive",0,36.12,0
"496","E12_CviMVP_PlDNA_4_SG_1076_abb1ae0b","GalBay_TX_2022-6-2","MSX","Negative",0,0,0
"498","G10_CviMVP_PlDNA_4_SG_1550_619aa080","CPR_MS_AL_2022-8-24","MSX","Positive",0,30.36,0
"499","G11_CviMVP_PlDNA_4_SG_1540_47a53dfc","CPR_MS_AL_2022-8-24","MSX","Negative",0,0,0
"501","H9_CviMVP_PlDNA_4_SG.sharedLotterhosPuritz_1503_5d1a03b6","NR_NB_RI_2022-8-19","MSX","Negative",0,0,0
"502","H10_CviMVP_PlDNA_4_SG_1694_c08f31af","SaLa_GA_2022-10-5","MSX","Positive",0,36.37,0
"503","H11_CviMVP_PlDNA_4_SG_1437_2945904c","Cal_Lake_LA_2022-8-11","MSX","Negative",0,0,0
"504","G12_CviMVP_PlDNA_4_SG_1835_14feed63","PrEdIs_CN_A_2022-10-18","MSX","Negative",0,0,0
"505","C2_CviMVP_PlDNA_10_SG_2003_b40d508d","AC_LIS_CT_2023-10-3","MSX","Negative",0,0,0
"506","B5_CviMVP_PlDNA_5_SG_1402_70b1442c","GriceCove_SC_2022-8-10","MSX","Negative",0,0,0
"509","H3_CviMVP_PlDNA_4_SG_1063_18b59709","OL_MI_SC_2022-5-31","MSX","Negative",0,0,0
"510","H12_CviMVP_PlDNA_4_SG_1449_a339503d","Cal_Lake_LA_2022-8-11","MSX","Positive",0,34.03,0
"511","A1_CviMVP_PlDNA_5_SG_1213_8759c16a","TP_TX_2022-6-28","MSX","Positive",0,33.35,0
"512","A2_CviMVP_PlDNA_5_SG_1147_554b56fe","FP_Sav_GA_2022-6-10","MSX","Positive",3,17.42,0.00041
"513","A3_CviMVP_PlDNA_5_SG_1337_2df389df","Mer_GA_2022-7-26","MSX","Positive",0,35.8,0
"514","A4_CviMVP_PlDNA_5_SG_1086_5112cfbc","GalBay_TX_2022-6-2","MSX","Negative",0,0,0
"516","B2_CviMVP_PlDNA_5_SG_1689_736d4e14","SaLa_GA_2022-10-5","MSX","Positive",0,32.21,0
"517","C3_CviMVP_PlDNA_5_SG_1783_7efed587","NPS_PS_NC_2022-10-12","MSX","Positive",0,37.45,0
"518","B4_CviMVP_PlDNA_5_SG_1196_1127cf33","Culch_Ba_LA_2022-6-21","MSX","Positive",0,37.86,0
"519","A5_CviMVP_PlDNA_5_SG.sharedLotterhosPuritz_3057_d418b8c8","HC_DB_NJ_2022-9-23","MSX","Negative",0,0,0
"520","C1_CviMVP_PlDNA_5_SG_1165_5f778713","SkR_GA_2022-6-14","MSX","Positive",0,36.84,0
"521","C2_CviMVP_PlDNA_5_SG.sharedLotterhosPuritz_3031_88811f65","HC_DB_NJ_2022-9-23","MSX","Positive",0,34.9,0
"522","D3_CviMVP_PlDNA_5_SG.sharedLotterhosPuritz_1723_2000ae81","WS_CB_VA_2022-10-7","MSX","Negative",0,0,0
"523","C4_CviMVP_PlDNA_5_SG_1074_66a12ae0","GalBay_TX_2022-6-2","MSX","Negative",0,0,0
"525","E2_CviMVP_PlDNA_5_SG_1616_54b5281b","SawIs_MA_2022-9-5","MSX","Positive",0,33.98,0
"526","E1_CviMVP_PlDNA_5_SG.sharedLotterhosPuritz_3046_33ba00b5","HC_DB_NJ_2022-9-23","MSX","Positive",0,36.42,0
"527","F2_CviMVP_PlDNA_5_SG_1041_eed5c808","OL_MI_SC_2022-5-31","MSX","Positive",0,37.62,0
"528","F3_CviMVP_PlDNA_5_SG_1144_70b2aa79","FP_Sav_GA_2022-6-10","MSX","Positive",2,24.87,1e-05
"529","E4_CviMVP_PlDNA_5_SG_1372_d1d73898","Nickle_Rf_LA_2022-8-1","MSX","Positive",0,37.89,0
"530","F5_CviMVP_PlDNA_5_SG_1139_567ff899","FP_Sav_GA_2022-6-10","MSX","Positive",0,28.01,0
"531","F1_CviMVP_PlDNA_5_SG_1210_917a5e66","TP_TX_2022-6-28","MSX","Positive",0,34.06,0
"532","G2_CviMVP_PlDNA_5_SG_1591_7dc1a9e6","KP_FGR_FL_2022-8-23","MSX","Negative",0,0,0
"533","H3_CviMVP_PlDNA_5_SG_1191_cec6ab4c","Culch_Ba_LA_2022-6-21","MSX","Negative",0,0,0
"534","G4_CviMVP_PlDNA_5_SG.sharedLotterhosPuritz_1735_1dc2e73e","WS_CB_VA_2022-10-7","MSX","Negative",0,0,0
"535","H5_CviMVP_PlDNA_5_SG_1427_53cbce97","GriceCove_SC_2022-8-10","MSX","Negative",0,0,0
"536","G1_CviMVP_PlDNA_5_SG.sharedLotterhosPuritz_1485_584ef346","NR_NB_RI_2022-8-19","MSX","Positive",0,33.78,0
"537","H4_CviMVP_PlDNA_5_SG.sharedLotterhosPuritz_1866_a98f91ad","LCP_UP_MD_2022-10-20","MSX","Negative",0,0,0
"538","D1_CviMVP_PlDNA_10_SG_2091_372072dd","FC_LIS_CT_2023-10-11","MSX","Positive",0,29.62,0
"539","H1_CviMVP_PlDNA_5_SG_1145_7605b3c0","FP_Sav_GA_2022-6-10","MSX","Positive",2,23.6,1e-05
"540","B7_CviMVP_PlDNA_5_SG_1579_be3981ad","KP_FGR_FL_2022-8-23","MSX","Positive",0,34.76,0
"541","A6_CviMVP_PlDNA_5_SG_1709_6247eadb","SaLa_GA_2022-10-5","MSX","Negative",0,0,0
"542","G5_CviMVP_PlDNA_5_SG_1202_19d39fd0","TP_TX_2022-6-28","MSX","Positive",0,34.96,0
"543","A1_CviMVP_PlDNA_9_SG_1781_7f410d51","NPS_PS_NC_2022-10-12","MSX","Positive",0,36.34,0
"544","A8_CviMVP_PlDNA_9_SG_1178_c91e54a1","Culch_Ba_LA_2022-6-21","MSX","Positive",0,38.97,0
"545","A9_CviMVP_PlDNA_9_SG_2033_2d4e3341","IL_ApBay_FL_2023-10-3","MSX","Negative",0,0,0
"546","B1_CviMVP_PlDNA_9_SG_2064_0d827eb8","IL_ApBay_FL_2023-10-3","MSX","Negative",0,0,0
"547","B8_CviMVP_PlDNA_9_SG_2092_9107cc79","FC_LIS_CT_2023-10-11","MSX","Negative",0,0,0
"548","B9_CviMVP_PlDNA_9_SG_2087_fcc7e794","FC_LIS_CT_2023-10-11","MSX","Negative",0,0,0
"549","A10_CviMVP_PlDNA_9_SG_1368_c77fd73e","Nickle_Rf_LA_2022-8-1","MSX","Negative",0,0,0
"550","C1_CviMVP_PlDNA_9_SG_2101_3afce4c2","FC_LIS_CT_2023-10-11","MSX","Negative",0,0,0
"551","C2_CviMVP_PlDNA_9_SG_1025_43336380","LakeFortuna_LA_2022-5-11","MSX","Positive",0,38.38,0
"552","C8_CviMVP_PlDNA_9_SG_2090_050351ba","FC_LIS_CT_2023-10-11","MSX","Negative",0,0,0
"553","D9_CviMVP_PlDNA_9_SG_1785_fa2d628c","NPS_PS_NC_2022-10-12","MSX","Negative",0,0,0
"554","B10_CviMVP_PlDNA_9_SG_1072_ecf788f5","GalBay_TX_2022-6-2","MSX","Negative",0,0,0
"555","D1_CviMVP_PlDNA_9_SG_2040_dc33a58e","EC_ApBay_FL_2023-10-4","MSX","Negative",0,0,0
"556","D2_CviMVP_PlDNA_9_SG_1302_062f683c","Sapelo_Is_GA_2022-7-17","MSX","Positive",0,32.02,0
"557","D8_CviMVP_PlDNA_9_SG.sharedLotterhosPuritz_1505_87833e2e","NR_NB_RI_2022-8-19","MSX","Negative",0,0,0
"558","F9_CviMVP_PlDNA_9_SG_1067_8d996fb4","OL_MI_SC_2022-5-31","MSX","Negative",0,0,0
"559","C10_CviMVP_PlDNA_9_SG_1396_9210bd0b","Sister_Lk_LA_2022-8-9","MSX","Positive",0,37.18,0
"560","E1_CviMVP_PlDNA_9_SG_2057_f18670d4","EC_ApBay_FL_2023-10-4","MSX","Negative",0,0,0
"561","E2_CviMVP_PlDNA_9_SG_1648_95efc17e","SaltBay_Canada_2022-9-27","MSX","Positive",0,36.74,0
"562","F8_CviMVP_PlDNA_9_SG_1982_cdc0db57","FFJ_CF_NC_2023-7-19","MSX","Positive",2,24.52,2e-05
"563","D10_CviMVP_PlDNA_9_SG_2079_aa2812ca","FC_LIS_CT_2023-10-11","MSX","Negative",0,0,0
"564","F1_CviMVP_PlDNA_9_SG.sharedLotterhosPuritz_1757_049f813c","DWS_CB_VA_2022-10-7","MSX","Positive",0,33.67,0
"565","F2_CviMVP_PlDNA_9_SG_1905_1d855527","Orrs_Cove_ME_2022-10-31","MSX","Negative",0,0,0
"566","G8_CviMVP_PlDNA_9_SG_1387_2f72692a","Sister_Lk_LA_2022-8-9","MSX","Positive",0,37.24,0
"567","H9_CviMVP_PlDNA_9_SG_1465_fcaf0737","SR_GB_NH_2022-8-12","MSX","Negative",0,0,0
"568","E10_CviMVP_PlDNA_9_SG_2060_51453c8e","EC_ApBay_FL_2023-10-4","MSX","Negative",0,0,0
"569","G1_CviMVP_PlDNA_9_SG_1470_6cd46626","SR_GB_NH_2022-8-12","MSX","Positive",3,20.03,0.00022
"570","G2_CviMVP_PlDNA_9_SG_1073_bd1c4a4b","GalBay_TX_2022-6-2","MSX","Positive",0,36.76,0
"571","G10_CviMVP_PlDNA_9_SG.sharedLotterhosPuritz_3037_a3dbbbac","HC_DB_NJ_2022-9-23","MSX","Negative",0,0,0
"572","G9_CviMVP_PlDNA_10_SG_1464_b7526ee9","SR_GB_NH_2022-8-12","MSX","Negative",0,0,0
"573","H1_CviMVP_PlDNA_9_SG_1820_b614e69e","PrEdIs_CN_A_2022-10-18","MSX","Positive",0,35.72,0
"574","H2_CviMVP_PlDNA_9_SG_1986_c1f242a3","FFJ_CF_NC_2023-7-19","MSX","Positive",0,34.11,0
"575","H10_CviMVP_PlDNA_9_SG_2093_b7ab79f2","FC_LIS_CT_2023-10-11","MSX","Negative",0,0,0
"576","A11_CviMVP_PlDNA_9_SG_1232_7ec57c2f","CC_VA_2022-7-11","MSX","Negative",0,0,0
"577","A12_CviMVP_PlDNA_9_SG_1190_99b8c3ee","Culch_Ba_LA_2022-6-21","MSX","Negative",0,0,0
"578","A1_CviMVP_PlDNA_10_SG_1788_5e94a232","NPS_PS_NC_2022-10-12","MSX","Negative",0,0,0
"579","A2_CviMVP_PlDNA_10_SG_2031_4c9fc050","IL_ApBay_FL_2023-10-3","MSX","Negative",0,0,0
"580","B11_CviMVP_PlDNA_9_SG_2017_21ebaf27","IL_ApBay_FL_2023-10-3","MSX","Positive",0,38.62,0
"581","B12_CviMVP_PlDNA_9_SG_2083_c9e957d2","FC_LIS_CT_2023-10-11","MSX","Negative",0,0,0
"582","B1_CviMVP_PlDNA_10_SG_1992_a1957416","AC_LIS_CT_2023-10-3","MSX","Negative",0,0,0
"583","B2_CviMVP_PlDNA_10_SG.sharedLotterhosPuritz_1865_d6963291","LCP_UP_MD_2022-10-20","MSX","Negative",0,0,0
"584","A9_CviMVP_PlDNA_10_SG_1995_80981cf3","AC_LIS_CT_2023-10-3","MSX","Negative",0,0,0
"585","C11_CviMVP_PlDNA_9_SG_2035_fe995562","EC_ApBay_FL_2023-10-4","MSX","Negative",0,0,0
"586","C12_CviMVP_PlDNA_9_SG_2085_9e9d2027","FC_LIS_CT_2023-10-11","MSX","Negative",0,0,0
"587","C1_CviMVP_PlDNA_10_SG_1405_db366b9b","GriceCove_SC_2022-8-10","MSX","Negative",0,0,0
"588","F2_CviMVP_PlDNA_10_SG_2038_38049366","EC_ApBay_FL_2023-10-4","MSX","Negative",0,0,0
"589","B9_CviMVP_PlDNA_10_SG_1619_c0fd1cbb","SawIs_MA_2022-9-5","MSX","Positive",0,39,0
"590","D11_CviMVP_PlDNA_9_SG_2042_661e376f","EC_ApBay_FL_2023-10-4","MSX","Negative",0,0,0
"591","D12_CviMVP_PlDNA_9_SG_1398_5a46f7b5","Sister_Lk_LA_2022-8-9","MSX","Negative",0,0,0
"592","E1_CviMVP_PlDNA_10_SG.sharedLotterhosPuritz_1513_6c83a6da","DC_NB_RI_2022-8-19","MSX","Negative",0,0,0
"593","G2_CviMVP_PlDNA_10_SG_1328_6b7a6a27","Mer_GA_2022-7-26","MSX","Positive",0,36.47,0
"594","C9_CviMVP_PlDNA_10_SG_1554_87714daf","CPR_MS_AL_2022-8-24","MSX","Negative",0,0,0
"595","E11_CviMVP_PlDNA_9_SG_2015_5f30e515","IL_ApBay_FL_2023-10-3","MSX","Negative",0,0,0
"596","E12_CviMVP_PlDNA_9_SG_2014_4508c3ac","AC_LIS_CT_2023-10-3","MSX","Negative",0,0,0
"597","F1_CviMVP_PlDNA_10_SG_2041_b9a3bfb4","EC_ApBay_FL_2023-10-4","MSX","Negative",0,0,0
"598","H2_CviMVP_PlDNA_10_SG_1652_e0c1d32d","SaltBay_Canada_2022-9-27","MSX","Negative",0,0,0
"599","F9_CviMVP_PlDNA_10_SG_2013_3c59ee43","AC_LIS_CT_2023-10-3","MSX","Positive",0,36.98,0
"600","F11_CviMVP_PlDNA_9_SG_2004_15538084","AC_LIS_CT_2023-10-3","MSX","Negative",0,0,0
"601","F12_CviMVP_PlDNA_9_SG_2043_cb780332","EC_ApBay_FL_2023-10-4","MSX","Negative",0,0,0
"602","G1_CviMVP_PlDNA_10_SG_1892_34807bab","DC_DR_ME_2022-10-25","MSX","Negative",0,0,0
"603","H12_CviMVP_PlDNA_10_SG_1691_0e7d321d","SaLa_GA_2022-10-5","MSX","Positive",0,33.38,0
"604","G11_CviMVP_PlDNA_9_SG_2009_c8217fce","AC_LIS_CT_2023-10-3","MSX","Negative",0,0,0
"605","G12_CviMVP_PlDNA_9_SG_1684_90d17b66","EelLake_Canada_2022-9-27","MSX","Negative",0,0,0
"606","H1_CviMVP_PlDNA_10_SG_1980_7a4f292f","FFJ_CF_NC_2023-7-19","MSX","Negative",0,0,0
"607","G7_CviMVP_PlDNA_10_SG_2077_40f6a386","FC_LIS_CT_2023-10-11","MSX","Positive",3,22.7,6e-05
"608","E9_CviMVP_PlDNA_10_SG_2044_7f176d05","EC_ApBay_FL_2023-10-4","MSX","Negative",0,0,0
"609","H11_CviMVP_PlDNA_9_SG_2048_d143067d","EC_ApBay_FL_2023-10-4","MSX","Negative",0,0,0
"610","H12_CviMVP_PlDNA_9_SG_1988_a8aedd8e","AC_LIS_CT_2023-10-3","MSX","Negative",0,0,0
"614","B9_CviMVP_PlDNA_5_SG_1160_aff920b0","SkR_GA_2022-6-14","MSX","Positive",0,36.98,0
"615","C8_CviMVP_PlDNA_6_SG_1584_44720c93","KP_FGR_FL_2022-8-23","MSX","Positive",0,35.04,0
"617","C9_CviMVP_PlDNA_5_SG_1161_bee23f77","SkR_GA_2022-6-14","MSX","Positive",0,32.44,0
"618","D2_CviMVP_PlDNA_10_SG_1695_0eae69c4","SaLa_GA_2022-10-5","MSX","Negative",0,0,0
"619","D8_CviMVP_PlDNA_6_SG_1052_c46c4085","OL_MI_SC_2022-5-31","MSX","Negative",0,0,0
"622","D9_CviMVP_PlDNA_5_SG_1157_3a105b17","SkR_GA_2022-6-14","MSX","Positive",0,30.63,0
"623","A10_CviMVP_PlDNA_6_SG_1440_e79e5351","Cal_Lake_LA_2022-8-11","MSX","Negative",0,0,0
"626","E9_CviMVP_PlDNA_5_SG_1208_b3818e2e","TP_TX_2022-6-28","MSX","Negative",0,0,0
"627","C4_CviMVP_PlDNA_6_SG_1587_9635577d","KP_FGR_FL_2022-8-23","MSX","Positive",0,35.36,0
"628","C12_CviMVP_PlDNA_6_SG.sharedLotterhosPuritz_1752_f1fb4734","DWS_CB_VA_2022-10-7","MSX","Negative",0,0,0
"631","F9_CviMVP_PlDNA_5_SG_1030_ea0d7b30","LakeFortuna_LA_2022-5-11","MSX","Negative",0,0,0
"632","B6_CviMVP_PlDNA_6_SG_1919_1b8435de","Orrs_Cove_ME_2022-10-31","MSX","Positive",0,33.99,0
"633","G12_CviMVP_PlDNA_6_SG_1700_decb34ab","SaLa_GA_2022-10-5","MSX","Positive",0,28.74,0
"634","E2_CviMVP_PlDNA_6_SG.sharedLotterhosPuritz_3059_85a6ff3b","HC_DB_NJ_2022-9-23","MSX","Negative",0,0,0
"636","G9_CviMVP_PlDNA_5_SG_1705_f9a5bc2b","SaLa_GA_2022-10-5","MSX","Negative",0,0,0
"637","D6_CviMVP_PlDNA_6_SG_1071_6e238e9e","GalBay_TX_2022-6-2","MSX","Negative",0,0,0
"638","G8_CviMVP_PlDNA_10_SG_2020_de490c97","IL_ApBay_FL_2023-10-3","MSX","Negative",0,0,0
"639","B3_CviMVP_PlDNA_6_SG_1627_913d6d02","SawIs_MA_2022-9-5","MSX","Positive",1,25.5,1e-05
"640","G11_CviMVP_PlDNA_5_SG_1803_645f7974","NPS_PS_NC_2022-10-12","MSX","Negative",0,0,0
"641","H9_CviMVP_PlDNA_5_SG_1631_9c37eb1c","SaltBay_Canada_2022-9-27","MSX","Negative",0,0,0
"642","B11_CviMVP_PlDNA_10_SG_2002_0754d098","AC_LIS_CT_2023-10-3","MSX","Positive",0,38.56,0
"645","B12_CviMVP_PlDNA_5_SG_1322_2335500b","Mer_GA_2022-7-26","MSX","Positive",1,26.08,1e-05
"646","E7_CviMVP_PlDNA_6_SG.sharedLotterhosPuritz_3004_6049f6a9","CS_DB_NJ_2022-9-21","MSX","Negative",0,0,0
"649","A8_CviMVP_PlDNA_10_SG.sharedLotterhosPuritz_3019_f0dc9509","CS_DB_NJ_2022-9-21","MSX","Positive",3,20.16,0.00017
"650","G12_CviMVP_PlDNA_8_SG.sharedLotterhosPuritz_1858_c4b9118b","LCP_UP_MD_2022-10-20","MSX","Positive",0,37.22,0
"651","A11_CviMVP_PlDNA_10_SG_2001_3e0f0f64","AC_LIS_CT_2023-10-3","MSX","Positive",0,31.1,0
"652","H12_CviMVP_PlDNA_8_SG.sharedLotterhosPuritz_1755_01e5dbdc","DWS_CB_VA_2022-10-7","MSX","Positive",0,34.09,0
"653","B10_CviMVP_PlDNA_10_SG_1143_ca81df15","FP_Sav_GA_2022-6-10","MSX","Positive",3,15.82,0.00199
"654","C11_CviMVP_PlDNA_10_SG_1999_1fd75d06","AC_LIS_CT_2023-10-3","MSX","Positive",0,30.12,0
"655","A12_CviMVP_PlDNA_10_SG_1711_103eead9","SaLa_GA_2022-10-5","MSX","Positive",0,35.37,0
"656","C8_CviMVP_PlDNA_10_SG_1828_01304bbf","PrEdIs_CN_A_2022-10-18","MSX","Positive",0,32.84,0
"657","F12_CviMVP_PlDNA_10_SG_1129_2a1edb19","FP_Sav_GA_2022-6-10","MSX","Positive",0,34.97,0
"658","C10_CviMVP_PlDNA_10_SG.sharedLotterhosPuritz_1522_412fe23d","DC_NB_RI_2022-8-19","MSX","Positive",0,27.06,0
"659","D11_CviMVP_PlDNA_10_SG_1014_8102b940","LakeFortuna_LA_2022-5-11","MSX","Positive",0,35.06,0
"660","B12_CviMVP_PlDNA_10_SG_2023_c0c00370","IL_ApBay_FL_2023-10-3","MSX","Positive",0,33.34,0
"661","D8_CviMVP_PlDNA_10_SG_1952_3d31a3db","UNCW_MS_NC_2023-7-17","MSX","Positive",0,33.34,0
"662","G12_CviMVP_PlDNA_10_SG_2049_a5d31ffb","EC_ApBay_FL_2023-10-4","MSX","Positive",0,35.46,0
"663","D10_CviMVP_PlDNA_10_SG_1099_8fcbb868","CB_TX_2022-6-9","MSX","Positive",0,29.16,0
"664","E11_CviMVP_PlDNA_10_SG_2029_759a8bec","IL_ApBay_FL_2023-10-3","MSX","Positive",0,27.85,0
"665","C12_CviMVP_PlDNA_10_SG_1819_4c9efbeb","PrEdIs_CN_A_2022-10-18","MSX","Positive",0,35.41,0
"666","A5_CviMVP_PlDNA_10_SG_2053_a99d49c4","EC_ApBay_FL_2023-10-4","MSX","Negative",0,0,0
"667","E10_CviMVP_PlDNA_10_SG_1991_176b15fe","AC_LIS_CT_2023-10-3","MSX","Positive",0,32.84,0
"668","F11_CviMVP_PlDNA_10_SG_1254_76d18d2d","CC_VA_2022-7-11","MSX","Positive",0,35.68,0
"669","D12_CviMVP_PlDNA_10_SG_2008_b9f810d0","AC_LIS_CT_2023-10-3","MSX","Positive",0,30.79,0
"670","F8_CviMVP_PlDNA_10_SG.sharedLotterhosPuritz_1497_165d898b","NR_NB_RI_2022-8-19","MSX","Positive",0,33.48,0
"671","G10_CviMVP_PlDNA_10_SG_2088_6672fa31","FC_LIS_CT_2023-10-11","MSX","Positive",0,32.43,0
"672","G11_CviMVP_PlDNA_10_SG_1954_5a1ba8fc","UNCW_MS_NC_2023-7-17","MSX","Positive",2,24.41,1e-05
"673","E12_CviMVP_PlDNA_10_SG_1654_ff1aabfe","SaltBay_Canada_2022-9-27","MSX","Positive",0,37.32,0
"674","H8_CviMVP_PlDNA_10_SG_2037_0941fca6","EC_ApBay_FL_2023-10-4","MSX","Negative",0,0,0
"675","H5_CviMVP_PlDNA_10_SG_2078_b8a33fcd","FC_LIS_CT_2023-10-11","MSX","Positive",0,35.93,0
"676","H10_CviMVP_PlDNA_10_SG_1802_bf1fa7f4","NPS_PS_NC_2022-10-12","MSX","Positive",0,32.98,0
"677","H11_CviMVP_PlDNA_10_SG_1937_4b32fd1f","UNCW_MS_NC_2023-7-17","MSX","Positive",3,22.14,5e-05
"682","F6_CviMVP_PlDNA_10_SG_2047_b1ff69b8","EC_ApBay_FL_2023-10-4","MSX","Negative",0,0,0
"135","F7_CviMVP_PlDNA_8_SG_1966_f8c004b4","FFJ_CF_NC_2023-7-19","MSX","Positive",0,0,0
"309","A9_CviMVP_PlDNA_8_SG_1412_25359cc5","GriceCove_SC_2022-8-10","MSX","Positive",0,33.79,0
"457","E5_CviMVP_PlDNA_4_SG_1910_a67d4341","Orrs_Cove_ME_2022-10-31","MSX","Positive",0,35.56,0
"500","B6_CviMVP_PlDNA_4_SG_1344_f85703a0","Mer_GA_2022-7-26","MSX","Positive",0,28.85,0
"487","G3_CviMVP_PlDNA_4_SG_1298_22f5fb03","Sapelo_Is_GA_2022-7-17","MSX","Positive",0,0,0
"515","B1_CviMVP_PlDNA_5_SG_1034_0e0ac7d6","LakeFortuna_LA_2022-5-11","MSX","Positive",0,39.05,0
"86","H11_CviMVP_PlDNA_5_SG_1288_67942cfd","Sapelo_Is_GA_2022-7-17","MSX","Positive",0,36.25,0
"70","D12_CviMVP_PlDNA_5_SG.sharedLotterhosPuritz_1856_c5dc6416","LCP_UP_MD_2022-10-20","MSX","Positive",0,35.69,0
"26","B4_CviMVP_PlDNA_10_SG.sharedLotterhosPuritz_3054_b35976e5","HC_DB_NJ_2022-9-23","MSX","Positive",1,26.74,0
"28","B6_CviMVP_PlDNA_10_SG_1834_e5dca67e","PrEdIs_CN_A_2022-10-18","MSX","Positive",0,36.07,0
