ID_SiteDate,download_date_sal,source_description_sal,lat_sal,lon_sal,firstyear_sal,finalyear_sal,Mean_Annual_Salinity_ppt,Mean_max_Salinity_ppt,Mean_min_Salinity_ppt,Salinity_st_dev,Salinity_n,Salinity_years,salinity_quantile_10,salinity_quantile_90,collection_type_sal,download_date_temp,source_description_temp,lat_temp,lon_temp,firstyear_temp,finalyear_temp,Mean_Annual_Temperature_C,Mean_max_temperature_C,Mean_min_temperature_C,Temperature_st_dev,Temperature_n,Temperature_years,temp_quantile_10,temp_quantile_90,collection_type_temp,site_name
CPR_MS_AL_2022-8-24,7/11/23,NERR Centralized Data. Grand Bay - Point Aux Chenes Bay GNDPCWQ,30.3486,-88.4185,2005,2022,21.9349343,31.07894737,7.878947368,5.756667062,468737,19,14,28.8,continuous,7/11/23,NERR Centralized Data. Grand Bay - Point Aux Chenes Bay GNDPCWQ,30.3486,-88.4185,2005,2022,22.45369386,33.36315789,6.726315789,6.895611896,468737,19,12.8,30.6,continuous,AL1
SaltBay_Canada_2022-9-27,3/25/24,Nova Scotia Gov Water Quality Data,43.79075,-65.83619,2020,2021,26.91323539,31.73333333,17.3,3.494291949,104893,3,21.3,30.5,continuous,3/25/24,Nova Scotia Gov Water Quality Data,43.79075,-65.83619,2020,2021,11.84027107,23.37,0.815,6.958722129,56628,2,1.81,20.34,continuous,CN1
AC_LIS_CT_2023-10-3,3/27/24,"USGS Water Data  - Housatonic River NR Nells Island NR Stratford, CT - 01208837",41.1884333,-73.12125278,2020,2023,13.74925073,28.75,0.5,9.614096708,60726,4,1.1,27,continuous,3/27/24,"USGS Water Data  - Housatonic River NR Nells Island NR Stratford, CT - 01208837",41.1884333,-73.12125278,2020,2023,17.28614267,26.6,7.125,7.27605337,60726,4,4.5,24.4,continuous,CT1
IL_ApBay_FL_2023-10-3,3/20/24,NERR Centralized Data. Apalachicola Bay - Dry Bar APADBWQ,29.6747,-85.0583,2002,2023,21.33549094,36.23478261,1.87826087,8.119103109,601948,23,9.7,31.6,continuous,3/20/24,NERR Centralized Data. Apalachicola Bay - Dry Bar APADBWQ,29.6747,-85.0583,2002,2023,22.76206101,32.55652174,7.77826087,6.264802699,601948,23,13.9,30.3,continuous,FL1
EC_ApBay_FL_2023-10-4,3/20/24,NERR Centralized Data. Apalachicola Bay - Cat Point APACPWQ,29.7021,-84.8802,2002,2023,21.42344243,34.74347826,1.895652174,7.928732351,635220,23,10.1,31.2,continuous,3/20/24,NERR Centralized Data. Apalachicola Bay - Cat Point APACPWQ,29.7021,-84.8802,2002,2023,22.92667989,32.4,9.282608696,6.22572743,635220,23,14.1,30.4,continuous,FL2
KP_FGR_FL_2022-8-23,9/13/23,National Parks Service Continuous Water Data - Timucuan Preserve,30.44116,-81.43908,2005,2022,32.35225365,37.20420518,15.42244418,3.715396855,249752,20,27.85066428,35.97585067,continuous,9/13/23,National Parks Service Continuous Water Data - Timucuan Preserve,30.44116,-81.43908,2005,2022,22.1556673,30.6387,10.38665,5.707664316,258086,20,14.559,29.279,continuous,FL3
Sapelo_Is_GA_2022-7-17,7/11/23,NERR Centralized Data. Sapelo Island - Lower Duplin SAPLDWQ,31.41794,-81.29605,1999,2022,26.95660344,35.352,6.128,4.596149854,639023,25,20.8,32.2,continuous,7/11/23,NERR Centralized Data. Sapelo Island - Lower Duplin SAPLDWQ,31.41794,-81.29605,1999,2022,21.43557384,31.676,8.624,6.635617152,639023,25,12.4,29.7,continuous,GA1
Mer_GA_2022-7-26,3/19/24,USGS Water Data Meridian Landing - 022035975,31.45333333,-81.3627778,2007,2022,24.11886211,31.6875,11.45625,5.358950634,495777,16,17,31,continuous,3/19/24,USGS Water Data Meridian Landing - 022035975,31.45333333,-81.3627778,2007,2022,21.84500814,33.025,8.15,6.618344122,495777,16,12.8,30,continuous,GA2
SkR_GA_2022-6-14,4/18/24,Biological and Chemical Oceanography Data Management Office,31.9863317,-81.0052642,2013,2015,26.15427864,30.71770026,1.958482138,3.902788916,302091,3,21.53821623,29.82,continuous,4/18/24,Biological and Chemical Oceanography Data Management Office,31.9863317,-81.0052642,2013,2015,21.2232698,29.75566667,6.719666667,7.514125596,302091,3,11.056,30.054,continuous,GA3
FP_Sav_GA_2022-6-10,3/20/24,National Parks Service Continuous Water Data - Fort Pulaski NM - Lazaretto Creek Dock,32.01414,-80.88412,2006,2022,23.10241328,33.33755517,9.56854204,4.642879576,234596,18,16.8518396,28.69560821,continuous,3/20/24,National Parks Service Continuous Water Data - Fort Pulaski NM - Lazaretto Creek Dock,32.01414,-80.88412,2006,2022,20.85897517,30.44470401,8.338666667,6.761183644,242645,18,11.88,29.48,continuous,GA4
SaLa_GA_2022-10-5,3/27/24,Water Data For Texas - Lower Sabine,29.758,-93.89,1990,2022,13.63909662,30.87521506,1.4121019,7.63580412,211620,32,2.646948278,23.8671,continuous,3/27/24,Water Data For Texas - Lower Sabine,29.758,-93.89,1990,2022,22.37602366,32.30150936,7.265711411,6.85759973,212804,32,12.65197754,30.62636812,continuous,LA1
Cal_Lake_LA_2022-8-11,8/14/23,USGS Water Data Calcasieu River - 08017118,29.8157762,-93.349043,2007,2022,17.36607903,31.5625,3.89375,6.385193467,168813,16,8.7,25,continuous,8/14/23,USGS Water Data Calcasieu River - 08017118,29.8157762,-93.349043,2007,2022,22.68097836,32.9125,7.50625,6.670750162,168813,16,13.4,30.7,continuous,LA2
Nickle_Rf_LA_2022-8-1,8/17/23,USGS Water Data Vermilion Bay - 07387040,29.71326575,-91.8803982,2007,2022,3.92085229,13.44,0.233333333,3.132714594,321792,15,0.4,8.3,continuous,8/17/23,USGS Water Data Vermilion Bay - 07387040,29.71326575,-91.8803982,2007,2022,21.86322407,31.56666667,6.813333333,7.073808907,321792,15,11.7,30.2,continuous,LA3
Sister_Lk_LA_2022-8-9,8/15/23,USGS Water Data Sister Lake - 07381349,29.24916667,-90.9211111,2007,2022,10.4648686,25.75,0.96875,5.582166837,246950,16,3,18,continuous,8/15/23,USGS Water Data Sister Lake - 07381349,29.24916667,-90.9211111,2007,2022,22.86358534,33.16875,7.3125,6.691385901,246950,16,13.2,30.7,continuous,LA4
Culch_Ba_LA_2022-6-21,8/15/23,USGS Water Data Culch Plant/Hackberry Bay - 073802512,29.39855505,-90.0411844,2007,2022,9.411105429,27.8,0.533333333,5.698713142,154474,15,2.2,17,continuous,8/15/23,USGS Water Data Culch Plant/Hackberry Bay - 073802512,29.39855505,-90.0411844,2007,2022,23.06439207,33.48666667,7.14,6.582084703,154474,15,13.6,30.6,continuous,LA5
LakeFortuna_LA_2022-5-11,8/17/23,USGS Water Data Lake Fortuna - 07374526,29.63354395,-89.5636694,2007,2022,9.574933836,24.3125,1.48125,5.899617703,147362,16,1.7,18,continuous,8/17/23,USGS Water Data Lake Fortuna - 07374526,29.63354395,-89.5636694,2007,2022,22.16672005,32.46875,7.45,6.774471342,147362,16,12.6,30.3,continuous,LA6
SawIs_MA_2022-9-5,3/21/24,PIELTER Long-Term Montitoring Data,42.762543,-70.857724,2014,2022,22.36831402,31.09428571,5.284285714,7.347533235,72990,7,11.84,30.81,continuous_seasonal,3/21/24,PIELTER Long-Term Montitoring Data,42.762543,-70.857724,2014,2022,18.93762387,26.95542857,7.966714286,5.121320363,72990,7,11.63,24.76,continuous_seasonal,MA1
LCP_UP_MD_2022-10-20,8/18/23,"Maryland DNR/Eyes on the Bay - Lower Potomac River, Morgantown Bridge",38.3626,-76.9905,1986,2022,7.706231079,13.49459459,1.44972973,3.462920741,8456,37,2.785,12.07,weekly_intermittent,8/18/23,"Maryland DNR/Eyes on the Bay - Lower Potomac River, Morgantown Bridge",38.3626,-76.9905,1986,2022,16.85515732,28.25945946,2.851351351,8.377067205,8454,37,4.7,27,weekly_intermittent,MD1
DC_DR_ME_2022-10-25,3/25/24,University of Maine,43.86457,-69.89763,2015,2022,31.24049971,42.055,7.4475,1.59619422,13688,4,30.5,32.06,intermittent,3/25/24,University of Maine,43.86457,-69.89763,2015,2022,14.81716832,25.175,8.255,4.017011625,13688,4,8.38,19.14,intermittent,ME1
Orrs_Cove_ME_2022-10-31,3/21/24,University of Maine,43.986,-69.55,2015,2023,29.47828304,31.50428571,8.741428571,2.277877961,26314,7,26.29,31.48,intermittent,3/21/24,University of Maine,43.986,-69.55,2015,2023,15.3288717,23.46,4.021428571,5.22149722,26314,7,7.563,21.5,intermittent,ME2
FFJ_CF_NC_2023-7-19,8/16/23,NERR Centralized Data. North Carolina - Zeke's Basin/Cape Fear River NOCZBWQ,33.9547,-77.935,2002,2023,21.90667803,31.16956522,4.67826087,6.169087746,620857,23,13.2,29.3,continuous,8/16/23,NERR Centralized Data. North Carolina - Zeke's Basin/Cape Fear River NOCZBWQ,33.9547,-77.935,2002,2023,20.25651559,35.98695652,1.017391304,7.466355564,620857,23,10,29.4,continuous,NC1
UNCW_MS_NC_2023-7-17,8/16/23,UNCW's Shellfish Research Hatchery at the Center for Marine Science and NCNERR - CMSDOCK,34.14,-77.8625,2018,2023,28.62290766,36.35833333,0.171666667,5.018323783,151954,6,21.73,34.4,weekly_continuous,8/16/23,UNCW's Shellfish Research Hatchery at the Center for Marine Science and NCNERR - CMSDOCK,34.14,-77.8625,2018,2023,19.66042658,30.72962963,2.389814815,6.773150885,151954,6,10.83888889,28.72222222,weekly_continuous,NC2
SR_GB_NH_2022-8-12,7/11/23,NERR Centralized Data. Great Bay - Squamscott River GRBSQWQ,43.0524,-70.91181,1997,2022,18.64139071,30.04444444,1.144444444,8.32092582,432370,27,5.9,28.6,continuous,7/11/23,NERR Centralized Data. Great Bay - Squamscott River GRBSQWQ,43.0524,-70.91181,1997,2022,16.71709323,27.16296296,2.548148148,6.449624801,432370,27,7.2,24.2,continuous,NH1
CS_DB_NJ_2022-9-21,8/18/23,Delaware Water Quality - CEMA at University of Delaware,39.085,-75.186,2005,2022,22.70900662,26.79222222,17.39444444,4.247331359,151,18,17.45,26.75,monthly,8/18/23,Delaware Water Quality - CEMA at University of Delaware,39.085,-75.186,2005,2022,18.16364238,25.29555556,8.519444444,6.524409601,151,18,7.61,24.93,monthly,NJ1
HC_DB_NJ_2022-9-23,8/18/23,Delaware Water Quality - CEMA at University of Delaware,39.455,-75.56,2005,2022,5.849733333,10.04,1.857777778,3.291231782,150,18,1.309,10.013,monthly,8/18/23,Delaware Water Quality - CEMA at University of Delaware,39.455,-75.56,2005,2022,18.911,26.81333333,8.996666667,6.827464253,150,18,8.136,26.748,monthly,NJ2
DC_NB_RI_2022-8-19,7/11/23,NERR Centralized Data. Narragansett Bay T-Wharf Bottom NARTBWQ,41.57836,-71.32112,2002,2022,30.52729905,33.41818182,19.45454545,1.082111898,629696,22,29.2,31.7,continuous,7/11/23,NERR Centralized Data. Narragansett Bay T-Wharf Bottom NARTBWQ,41.57836,-71.32112,2002,2022,12.18311963,23.87272727,1.186363636,6.70828115,629696,22,3.5,21,continuous,RI2
GriceCove_SC_2022-8-10,8/15/23,USGS Water Data Charleston Harbor - 021720710,32.7804544,-79.923699,2020,2022,25.00581197,33,19,2.642187798,2925,1,22,29,continuous,8/15/23,USGS Water Data Charleston Harbor - 021720710,32.7804544,-79.923699,2007,2022,20.94015549,31.125,9.00625,6.777548068,476306,16,12,29.4,continuous,SC1
OL_MI_SC_2022-5-31,7/6/23,BCCWMS Coastal Volunteer Monitoring Data,33.52401,-79.06198,2008,2022,34.07826625,35.96555556,31.07244444,1.449343871,323,15,32.404,35.61466667,intermittent_bimonthly,7/6/23,BCCWMS Coastal Volunteer Monitoring Data,33.52401,-79.06198,2008,2022,19.9819453,28.95777778,8.557777778,6.829213378,323,15,10.84666667,28.36,intermittent_bimonthly,SC2
CB_TX_2022-6-9,7/7/23,NERR Centralized Data. Mission Aransas - Copano Bay West MARCWWQ,28.0841,-97.2009,2007,2021,20.85778793,29.90625,6.34375,11.66413094,490047,16,5.9,36.7,continuous,7/7/23,NERR Centralized Data. Mission Aransas - Copano Bay West MARCWWQ,28.0841,-97.2009,2007,2021,23.10605003,32.61875,7.775,6.385486691,490047,16,13.8,30.5,continuous,TX2
TP_TX_2022-6-28,8/14/23,USGS Water Data Tres Palacios Bay - 08162675,28.6865,-96.2398,2020,2022,20.0276684,28.33333333,7.666666667,7.678590578,46985,3,7,27,continuous,8/14/23,USGS Water Data Tres Palacios Bay - 08162675,28.6865,-96.2398,2020,2022,22.7038225,30.73333333,6.166666667,6.8796434,46985,3,13.2,30.9,continuous,TX3
GalBay_TX_2022-6-2,8/14/23,USGS Water Data Galveston Bay - 08067303,29.6703,-94.8536,2020,2022,11.88196063,20,3.666666667,5.231486863,52330,3,1,17,continuous,8/14/23,USGS Water Data Galveston Bay - 08067303,29.6703,-94.8536,2020,2022,20.60186127,29.16666667,7.4,6.700543994,52330,3,12.2,30,continuous,TX4
CC_VA_2022-7-11,3/29/24,VIMS Eastern Shore Laboratory: Custis Channel/Wachapreague,37.60769,-75.6858,2016,2022,30.05792658,33.06285714,11.80285714,2.225725405,135848,7,27.34,32.39,continuous,3/29/24,VIMS Eastern Shore Laboratory: Custis Channel/Wachapreague,37.60769,-75.6858,2016,2022,18.01110143,31.20171429,1.207142857,8.305380084,135848,7,6.158,27.893,continuous,VA3